-- phpMyAdmin SQL Dump
-- version 5.0.2
-- https://www.phpmyadmin.net/
--
-- Host: 127.0.0.1
-- Tempo de geração: 06-Ago-2020 às 02:00
-- Versão do servidor: 10.4.13-MariaDB
-- versão do PHP: 7.4.8

SET SQL_MODE = "NO_AUTO_VALUE_ON_ZERO";
START TRANSACTION;
SET time_zone = "+00:00";


/*!40101 SET @OLD_CHARACTER_SET_CLIENT=@@CHARACTER_SET_CLIENT */;
/*!40101 SET @OLD_CHARACTER_SET_RESULTS=@@CHARACTER_SET_RESULTS */;
/*!40101 SET @OLD_COLLATION_CONNECTION=@@COLLATION_CONNECTION */;
/*!40101 SET NAMES utf8mb4 */;

--
-- Banco de dados: `rastrearweb`
--

-- --------------------------------------------------------

--
-- Estrutura da tabela `tb_cliente_fornecedor`
--

CREATE TABLE `tb_cliente_fornecedor` (
  `id_cliente_fornecedor` int(11) NOT NULL,
  `razao_social` varchar(60) NOT NULL,
  `tipo` tinyint(1) NOT NULL,
  `situacao` tinyint(1) NOT NULL DEFAULT 0,
  `cadastrado_em` timestamp NOT NULL DEFAULT current_timestamp(),
  `atualizado_em` datetime DEFAULT NULL
) ENGINE=InnoDB DEFAULT CHARSET=utf8;

--
-- Extraindo dados da tabela `tb_cliente_fornecedor`
--

INSERT INTO `tb_cliente_fornecedor` (`id_cliente_fornecedor`, `razao_social`, `tipo`, `situacao`, `cadastrado_em`, `atualizado_em`) VALUES
(1, 'CLINERP - CLINICA DE VIDEOENDOSCOPIA E REPROD HUMANA', 1, 1, '2020-02-08 04:18:31', NULL),
(2, 'FAMI - FABRICA DE ARTEFATOS METALURGICOS ITA', 2, 1, '2020-02-08 04:18:40', NULL),
(3, 'HOSPITAL UNIVERSITARIO DA UFRJ', 1, 1, '2020-02-28 13:44:19', NULL),
(4, 'Badeia Comercio e Importação LTDA', 2, 1, '2020-02-28 13:48:13', NULL),
(5, 'Gastrolife - Gastroenterologia e Endoscopia Digestiva LTDA', 1, 1, '2020-02-28 13:54:31', NULL),
(6, 'HOSPITAL FEDERAL DA LAGOA', 1, 1, '2020-02-28 14:36:44', NULL),
(7, 'UNIMED RESENDE RJ COOPERATIVA DE TRAB MEDICO', 1, 1, '2020-02-28 14:36:59', NULL),
(8, 'PROMEDON DO BRASIL PROD. MEDICO- HOSP LTDA', 2, 1, '2020-02-28 15:01:24', NULL),
(9, 'TECNOPRINT IMPRESSOS TECNICOS LTDA', 2, 1, '2020-02-28 15:02:09', NULL),
(10, 'VISIONTECH MEDICAL OPTICS LTDA', 2, 1, '2020-02-28 15:03:08', NULL),
(11, 'GASTRO COM E REPRESENT COMERCIAL DE EQUIP MEDICO HOSP LTDA', 2, 1, '2020-02-28 15:05:02', NULL),
(12, 'HTS TECNOLOGIA EM SAUDE COM IMP E EXPORT LTDA - MEDIKA', 2, 1, '2020-02-28 15:06:02', NULL),
(13, 'INSTITUTO D OR DE GESTAO DE SAUDE PUBLICA - HOSP DA CRIANÇA', 1, 1, '2020-02-28 15:07:28', NULL),
(14, 'EDIR DE S. PORTO GASTRO', 1, 1, '2020-02-28 15:10:06', NULL),
(15, 'ESTÁCIO - SOCIEDADE DE ENSINO SUPERIOR ESTACIO DE SA', 1, 1, '2020-02-28 15:10:06', NULL),
(16, 'HOSPITAL ALVORADA TAGUATINGA - AMERICAS', 1, 1, '2020-02-28 15:22:25', NULL),
(17, 'HOSPITAL MONTE KLINIKUM - ESHO EMPRESA BRAS SER HOSPITALARES', 1, 1, '2020-02-28 17:55:38', NULL),
(18, 'HOSPITAL SAMARITANO - ESHO EMPRESA DE SERV HOSPITALARES', 1, 1, '2020-02-28 17:56:25', NULL),
(19, 'IPALERJ - INST DE PREVIDENCIA DA ASSEMB LEGISLATIVA RJ', 1, 1, '2020-02-28 17:57:34', NULL),
(20, 'NUG CARE COMERCIO DE MATERIAL HOSPITALAR LTDA', 1, 1, '2020-02-28 17:58:14', NULL),
(21, 'RIOSAUDE - EMPRESA PUBLICA DE SAUDE DO RJ S/A', 1, 1, '2020-02-28 18:18:25', NULL),
(22, 'IFF - INSTITUTO NACIONAL DE SAUDE FERNANDES FIGUEIRA', 1, 1, '2020-02-28 18:19:44', NULL),
(23, 'GASTROENDO SERVICOS MEDICOS S/C LTDA', 1, 1, '2020-02-28 18:20:37', NULL),
(24, 'HOSPITAL NAVAL MARCILIO DIAS', 1, 1, '2020-02-28 18:21:22', NULL),
(25, 'HOSPITAL MADRE THEODORA - ESHO EMPRESA DE SERV HOSPITALARES ', 1, 1, '2020-02-28 18:22:41', NULL),
(26, 'PRO CARDIACO - ESHO EMPRESA BRASILEIRA SERV HOSPITALARES LTD', 1, 1, '2020-02-28 18:43:50', NULL),
(27, 'HOSPITAL FEDERAL DE IPANEMA', 1, 1, '2020-02-28 18:44:33', NULL),
(28, 'HOSPITAL MOEMA - HOSPITAL ALVORADA TAGUATINGA', 1, 1, '2020-02-28 18:45:37', NULL),
(29, 'BH LABORATORIOS LTDA EPP', 2, 1, '2020-03-10 18:59:42', NULL),
(30, 'MONTSERRAT COMERCIAL IMP E EXP LTDA', 2, 1, '2020-03-13 19:15:40', NULL),
(31, 'CONTROLES GRAFICOS DARU', 2, 1, '2020-03-20 18:01:53', NULL);

-- --------------------------------------------------------

--
-- Estrutura da tabela `tb_movimentos`
--

CREATE TABLE `tb_movimentos` (
  `id_movimento` int(11) NOT NULL,
  `id_produto` int(11) NOT NULL,
  `id_cliente_fornecedor` int(11) NOT NULL,
  `numero_nfe` varchar(20) DEFAULT NULL,
  `lote_1` varchar(40) NOT NULL,
  `lote_2` varchar(40) NOT NULL,
  `lote_3` varchar(40) NOT NULL,
  `lote_4` varchar(40) NOT NULL,
  `lote_5` varchar(40) NOT NULL,
  `quantidade` smallint(6) NOT NULL,
  `tipo` tinyint(1) NOT NULL COMMENT '1 = entrada \\ 2 = saída',
  `data_entrada` datetime DEFAULT NULL,
  `data_saida` datetime DEFAULT NULL,
  `data_validade_1` date NOT NULL,
  `data_validade_2` date DEFAULT NULL,
  `data_validade_3` date DEFAULT NULL,
  `data_validade_4` date DEFAULT NULL,
  `data_validade_5` date DEFAULT NULL
) ENGINE=InnoDB DEFAULT CHARSET=utf8;

--
-- Extraindo dados da tabela `tb_movimentos`
--

INSERT INTO `tb_movimentos` (`id_movimento`, `id_produto`, `id_cliente_fornecedor`, `numero_nfe`, `lote_1`, `lote_2`, `lote_3`, `lote_4`, `lote_5`, `quantidade`, `tipo`, `data_entrada`, `data_saida`, `data_validade_1`, `data_validade_2`, `data_validade_3`, `data_validade_4`, `data_validade_5`) VALUES
(1, 2, 4, '36269', '0572518', '', '', '', '', 1, 1, '2020-02-10 10:52:03', NULL, '2023-09-30', '1969-12-31', '1969-12-31', '1969-12-31', '1969-12-31'),
(2, 2, 5, NULL, '0572518', '', '', '', '', 1, 2, NULL, '2020-02-17 10:55:28', '2023-09-30', NULL, NULL, NULL, NULL),
(13, 3, 8, '40784', '190923238', '', '', '', '', 150, 1, '2020-01-13 11:05:22', NULL, '2022-09-22', '1969-12-31', '1969-12-31', '1969-12-31', '1969-12-31'),
(15, 8, 8, '39979', '170417195', '', '', '', '', 50, 1, '2019-12-18 12:52:52', NULL, '2022-03-30', '1969-12-31', '1969-12-31', '1969-12-31', '1969-12-31'),
(16, 8, 8, '42076', '170516102', '', '', '', '', 100, 1, '2020-02-06 12:57:01', NULL, '2022-04-15', '1969-12-31', '1969-12-31', '1969-12-31', '1969-12-31'),
(17, 8, 13, '4217', '170417105', '', '', '', '', 1, 2, NULL, '2020-01-02 11:19:29', '2022-03-31', NULL, NULL, NULL, NULL),
(18, 8, 13, '4219', '170417105', '', '', '', '', 1, 2, NULL, '2020-01-02 11:20:46', '2022-03-31', NULL, NULL, NULL, NULL),
(19, 8, 13, '4221', '170417105', '', '', '', '', 1, 2, NULL, '2020-01-02 11:29:31', '2022-03-31', NULL, NULL, NULL, NULL),
(20, 10, 13, '4221', 'IN17060502', '', '', '', '', 1, 2, NULL, '2020-01-02 11:30:40', '2020-05-31', NULL, NULL, NULL, NULL),
(21, 8, 13, '4223', '170417105', '', '', '', '', 1, 2, NULL, '2020-01-02 11:31:58', '2022-03-31', NULL, NULL, NULL, NULL),
(22, 17, 1, '4224', '1718050', '', '', '', '', 1, 2, NULL, '2020-01-02 11:33:23', '2020-11-02', NULL, NULL, NULL, NULL),
(23, 20, 16, '4226', '1903760', '', '', '', '', 1, 2, NULL, '2020-01-06 11:35:20', '2022-03-14', NULL, NULL, NULL, NULL),
(24, 17, 14, '4227', '1718050', '', '', '', '', 5, 2, NULL, '2020-01-06 11:37:29', '2020-11-02', NULL, NULL, NULL, NULL),
(25, 21, 15, '4228', '191264', '', '', '', '', 1, 2, NULL, '2020-01-07 11:42:11', '2022-03-07', NULL, NULL, NULL, NULL),
(26, 8, 13, '4230', '170417105', '', '', '', '', 1, 2, NULL, '2020-01-07 15:30:03', '2022-03-31', NULL, NULL, NULL, NULL),
(27, 9, 13, '4230', 'N170213003', '', '', '', '', 1, 2, NULL, '2020-01-07 15:32:16', '2021-02-12', NULL, NULL, NULL, NULL),
(28, 8, 13, '4232', '170417105', '', '', '', '', 1, 2, NULL, '2020-01-07 15:34:05', '2022-03-31', NULL, NULL, NULL, NULL),
(29, 8, 13, '4234', '170417105', '', '', '', '', 1, 2, NULL, '2020-01-07 15:35:11', '2022-03-31', NULL, NULL, NULL, NULL),
(30, 16, 6, '4235', '190731321', '', '', '', '', 120, 2, NULL, '2020-01-08 15:37:57', '2022-07-30', NULL, NULL, NULL, NULL),
(31, 19, 6, '4236', '12792 - 12432', '', '', '', '', 36, 2, NULL, '2020-01-10 15:40:12', '2024-05-31', NULL, NULL, NULL, NULL),
(32, 19, 10, '50492', '166707000211', '', '', '', '', 36, 1, '2020-01-08 14:13:40', NULL, '2024-12-01', '1969-12-31', '1969-12-31', '1969-12-31', '1969-12-31'),
(33, 12, 8, '39979', 'N170414003', '', '', '', '', 20, 1, '2019-12-18 14:18:51', NULL, '2021-04-13', '1969-12-31', '1969-12-31', '1969-12-31', '1969-12-31'),
(34, 5, 8, '41686', '190611301', '', '', '', '', 10, 1, '2020-01-29 14:22:01', NULL, '2024-06-10', '1969-12-31', '1969-12-31', '1969-12-31', '1969-12-31'),
(35, 4, 8, '41686', '190722307', '', '', '', '', 20, 1, '2020-01-29 14:23:54', NULL, '2024-07-21', '1969-12-31', '1969-12-31', '1969-12-31', '1969-12-31'),
(36, 14, 8, '41686', '190917302', '', '', '', '', 20, 1, '2020-01-29 14:26:06', NULL, '2024-09-16', '1969-12-31', '1969-12-31', '1969-12-31', '1969-12-31'),
(37, 6, 8, '41686', '190701102', '', '', '', '', 13, 1, '2020-01-29 14:27:58', NULL, '2024-05-31', '1969-12-31', '1969-12-31', '1969-12-31', '1969-12-31'),
(38, 7, 8, '41686', '190731101', '', '', '', '', 100, 1, '2020-01-29 14:34:57', NULL, '2024-06-30', '1969-12-31', '1969-12-31', '1969-12-31', '1969-12-31'),
(39, 12, 8, '41686', 'B190724020', '', '', '', '', 20, 1, '2020-01-29 14:36:57', NULL, '2023-07-23', '1969-12-31', '1969-12-31', '1969-12-31', '1969-12-31'),
(40, 4, 8, '42076', '190619303', '', '', '', '', 10, 1, '2020-02-06 14:42:31', NULL, '2024-06-18', '1969-12-31', '1969-12-31', '1969-12-31', '1969-12-31'),
(41, 8, 8, '42076', '170516102', '', '', '', '', 100, 1, '2020-02-06 14:44:23', NULL, '2022-04-15', '1969-12-31', '1969-12-31', '1969-12-31', '1969-12-31'),
(42, 7, 8, '42076', '190731101', '', '', '', '', 200, 1, '2020-02-06 14:46:52', NULL, '2024-06-30', '1969-12-31', '1969-12-31', '1969-12-31', '1969-12-31'),
(43, 17, 11, '101116', '1716276', '1718050', '1718858', '', '', 50, 1, '2020-02-28 15:23:32', NULL, '2020-10-22', '2020-11-02', '2020-11-16', '1969-12-31', '1969-12-31'),
(44, 17, 11, '101116', '1716276', '1718050', '1718858', '', '', 50, 1, '2020-02-28 15:23:32', NULL, '2020-10-22', '2020-11-02', '2020-11-16', '1969-12-31', '1969-12-31'),
(45, 1, 11, '66790', '1711090', '', '', '', '', 80, 1, '2020-02-28 15:27:05', NULL, '2020-07-31', '1969-12-31', '1969-12-31', '1969-12-31', '1969-12-31'),
(46, 22, 8, '42076', '170220102', '', '', '', '', 40, 1, '2020-02-06 15:22:32', NULL, '2022-01-30', '1969-12-31', '1969-12-31', '1969-12-31', '1969-12-31'),
(47, 23, 9, '20202', '0141/20', '', '', '', '', 35, 1, '2020-02-19 15:26:54', NULL, '2022-02-12', '1969-12-31', '1969-12-31', '1969-12-31', '1969-12-31'),
(48, 17, 11, '66790', '1716276', '1718050', '1718858', '', '', 50, 1, '2020-02-28 15:30:37', NULL, '2020-10-22', '2020-11-02', '2020-11-16', '1969-12-31', '1969-12-31'),
(49, 25, 8, '43423', '1911142239', '', '', '', '', 8, 1, '2020-03-04 15:36:30', NULL, '2022-11-13', '1969-12-31', '1969-12-31', '1969-12-31', '1969-12-31'),
(50, 3, 8, '43423', '191114238', '', '', '', '', 8, 1, '2020-03-04 15:38:56', NULL, '2022-11-13', '1969-12-31', '1969-12-31', '1969-12-31', '1969-12-31'),
(51, 16, 8, '43423', '190917321', '', '', '', '', 20, 1, '2020-03-04 15:40:35', NULL, '2022-09-16', '1969-12-31', '1969-12-31', '1969-12-31', '1969-12-31'),
(52, 12, 8, '43423', 'B191022012', '', '', '', '', 10, 1, '2020-03-04 15:43:30', NULL, '2023-10-21', '1969-12-31', '1969-12-31', '1969-12-31', '1969-12-31'),
(53, 24, 12, '101116', 'FG19110704', '', '', '', '', 10, 1, '2020-02-28 15:50:23', NULL, '2022-10-31', '1969-12-31', '1969-12-31', '1969-12-31', '1969-12-31'),
(54, 26, 12, '101189', 'IN19101201', '', '', '', '', 120, 1, '2020-03-03 15:56:02', NULL, '2022-09-30', '1969-12-31', '1969-12-31', '1969-12-31', '1969-12-31'),
(55, 27, 29, '6767', '120919-CO', '', '', '', '', 1, 1, '2020-03-06 16:03:45', NULL, '2021-08-30', '1969-12-31', '1969-12-31', '1969-12-31', '1969-12-31'),
(56, 16, 7, '4237', '190731321', '', '', '', '', 20, 2, NULL, '2020-01-13 12:48:00', '2022-07-30', '1969-12-31', '1969-12-31', '1969-12-31', '1969-12-31'),
(57, 8, 13, '4239', '170417105', '', '', '', '', 1, 2, NULL, '2020-01-14 12:50:16', '2022-03-30', '1969-12-31', '1969-12-31', '1969-12-31', '1969-12-31'),
(58, 10, 13, '4239', 'IN17060502', '', '', '', '', 1, 2, NULL, '2020-01-14 12:51:41', '2020-05-31', '1969-12-31', '1969-12-31', '1969-12-31', '1969-12-31'),
(59, 11, 13, '4239', 'N170420016', '', '', '', '', 1, 2, NULL, '2020-01-14 12:53:23', '2021-04-19', '1969-12-31', '1969-12-31', '1969-12-31', '1969-12-31'),
(60, 8, 13, '4241', '170417105', '', '', '', '', 1, 2, NULL, '2020-01-14 12:55:07', '2022-03-31', '1969-12-31', '1969-12-31', '1969-12-31', '1969-12-31'),
(61, 10, 13, '4241', 'IN17060502', '', '', '', '', 1, 2, NULL, '2020-01-14 12:56:43', '2020-05-31', '1969-12-31', '1969-12-31', '1969-12-31', '1969-12-31'),
(62, 8, 13, '4243', '170417105', '', '', '', '', 1, 2, NULL, '2020-01-14 14:21:38', '2022-03-31', '1969-12-31', '1969-12-31', '1969-12-31', '1969-12-31'),
(63, 8, 13, '4245', '170417105', '', '', '', '', 1, 2, NULL, '2020-01-14 14:23:53', '2022-03-31', '1969-12-31', '1969-12-31', '1969-12-31', '1969-12-31'),
(64, 3, 3, '4246', '190923238', '', '', '', '', 150, 2, NULL, '2020-01-14 14:25:46', '2022-09-22', '1969-12-31', '1969-12-31', '1969-12-31', '1969-12-31'),
(65, 20, 16, '4247', '1903760', '', '', '', '', 1, 2, NULL, '2020-01-15 14:27:33', '2021-06-12', '1969-12-31', '1969-12-31', '1969-12-31', '1969-12-31'),
(66, 1, 16, '4248', '1709151', '', '', '', '', 30, 2, NULL, '2020-01-15 14:33:56', '2020-05-31', '1969-12-31', '1969-12-31', '1969-12-31', '1969-12-31'),
(67, 18, 17, '4249', '1903379', '', '', '', '', 1, 2, NULL, '2020-01-16 14:35:22', '2022-03-10', '1969-12-31', '1969-12-31', '1969-12-31', '1969-12-31'),
(68, 1, 18, '4250', '1709151', '', '', '', '', 15, 2, NULL, '2020-01-16 14:37:06', '2020-05-31', '1969-12-31', '1969-12-31', '1969-12-31', '1969-12-31'),
(69, 8, 13, '4252', '170417105', '', '', '', '', 1, 2, NULL, '2020-01-21 14:38:25', '2022-03-31', '1969-12-31', '1969-12-31', '1969-12-31', '1969-12-31'),
(70, 1, 16, '4253', '1709151', '', '', '', '', 80, 2, NULL, '2020-01-22 14:40:06', '2020-05-31', '1969-12-31', '1969-12-31', '1969-12-31', '1969-12-31'),
(71, 17, 19, '4254', '1718050', '', '', '', '', 1, 2, NULL, '2020-01-22 14:41:27', '2020-11-02', '1969-12-31', '1969-12-31', '1969-12-31', '1969-12-31'),
(72, 12, 20, '4255', 'B181024012', 'B180926004', '', '', '', 5, 2, NULL, '2020-01-23 14:43:10', '2022-01-23', '2022-09-25', '1969-12-31', '1969-12-31', '1969-12-31'),
(73, 8, 13, '4257', '170417105', '', '', '', '', 1, 2, NULL, '2020-01-23 15:42:26', '2022-03-31', '1969-12-31', '1969-12-31', '1969-12-31', '1969-12-31'),
(74, 8, 13, '4257', '170417105', '', '', '', '', 1, 2, NULL, '2020-01-23 15:42:26', '2022-03-31', '1969-12-31', '1969-12-31', '1969-12-31', '1969-12-31'),
(75, 10, 13, '4257', 'IN17060502', '', '', '', '', 1, 2, NULL, '2020-01-23 15:44:08', '2020-05-31', '1969-12-31', '1969-12-31', '1969-12-31', '1969-12-31'),
(76, 1, 18, '4258', '1709151', '', '', '', '', 30, 2, NULL, '2020-01-23 15:45:47', '2020-05-31', '1969-12-31', '1969-12-31', '1969-12-31', '1969-12-31'),
(77, 16, 21, '4259', '190731321', '', '', '', '', 100, 2, NULL, '2020-01-27 15:47:17', '2022-07-30', '1969-12-31', '1969-12-31', '1969-12-31', '1969-12-31'),
(78, 16, 21, '4260', '190731321', '', '', '', '', 100, 2, NULL, '2020-01-28 15:49:55', '2022-07-30', '1969-12-31', '1969-12-31', '1969-12-31', '1969-12-31'),
(79, 8, 13, '4262', '170417105', '', '', '', '', 1, 2, NULL, '2020-01-29 15:51:37', '2022-03-31', '1969-12-31', '1969-12-31', '1969-12-31', '1969-12-31'),
(80, 8, 13, '4262', '170417105', '', '', '', '', 1, 2, NULL, '2020-01-29 15:53:06', '2022-03-31', '1969-12-31', '1969-12-31', '1969-12-31', '1969-12-31'),
(81, 8, 13, '4266', '170417105', '', '', '', '', 1, 2, NULL, '2020-01-29 15:54:12', '2022-03-31', '1969-12-31', '1969-12-31', '1969-12-31', '1969-12-31'),
(82, 15, 22, '4267', '19071001', '', '', '', '', 4, 2, NULL, '2020-01-30 15:55:43', '2022-07-09', '1969-12-31', '1969-12-31', '1969-12-31', '1969-12-31'),
(83, 1, 18, '4268', '1709151', '', '', '', '', 30, 2, NULL, '2020-01-30 15:57:11', '2020-05-31', '1969-12-31', '1969-12-31', '1969-12-31', '1969-12-31'),
(84, 14, 23, '4269', '190917302', '', '', '', '', 20, 2, NULL, '2020-02-03 15:58:34', '2024-09-16', '1969-12-31', '1969-12-31', '1969-12-31', '1969-12-31'),
(85, 6, 23, '4269', '190701102', '', '', '', '', 20, 2, NULL, '2020-02-03 16:00:37', '2024-05-31', '1969-12-31', '1969-12-31', '1969-12-31', '1969-12-31'),
(86, 7, 24, '4270', '190703101', '', '', '', '', 400, 2, NULL, '2020-02-03 16:02:44', '2024-06-02', '1969-12-31', '1969-12-31', '1969-12-31', '1969-12-31'),
(87, 32, 30, '68677', '196475', '', '', '', '', 1, 1, '2020-03-10 16:25:12', NULL, '2024-06-01', '1969-12-31', '1969-12-31', '1969-12-31', '1969-12-31'),
(88, 2, 4, '36470', '0531819', '', '', '', '', 1, 1, '2020-03-11 16:26:46', NULL, '2024-07-29', '1969-12-31', '1969-12-31', '1969-12-31', '1969-12-31'),
(89, 4, 8, '43858', '190731308', '', '', '', '', 80, 1, '2020-03-16 14:59:02', NULL, '2024-07-30', '1969-12-31', '1969-12-31', '1969-12-31', '1969-12-31'),
(90, 33, 31, '30051', '506580', '', '', '', '', 250, 1, '2020-03-19 15:04:00', NULL, '2025-03-31', '1969-12-31', '1969-12-31', '1969-12-31', '1969-12-31'),
(91, 8, 13, '4272', '170417105', '', '', '', '', 1, 2, NULL, '2020-02-04 15:06:56', '2022-03-31', '1969-12-31', '1969-12-31', '1969-12-31', '1969-12-31'),
(92, 8, 13, '4274', '170417105', '', '', '', '', 1, 2, NULL, '2020-02-04 15:12:57', '2022-03-31', '1969-12-31', '1969-12-31', '1969-12-31', '1969-12-31'),
(93, 12, 20, '4276', 'B181024012', '', '', '', '', 5, 2, NULL, '2020-02-11 15:15:07', '2023-10-23', '1969-12-31', '1969-12-31', '1969-12-31', '1969-12-31'),
(94, 1, 25, '4277', '1709151', '', '', '', '', 200, 2, NULL, '2020-02-11 15:18:47', '2020-05-31', '1969-12-31', '1969-12-31', '1969-12-31', '1969-12-31'),
(95, 1, 25, '4277', '1709151', '', '', '', '', 200, 2, NULL, '2020-02-11 15:18:47', '2020-05-31', '1969-12-31', '1969-12-31', '1969-12-31', '1969-12-31'),
(96, 9, 13, '4279', '170417105', '', '', '', '', 1, 2, NULL, '2020-02-12 15:20:24', '2022-03-31', '1969-12-31', '1969-12-31', '1969-12-31', '1969-12-31'),
(97, 8, 13, '4281', '170417105', '', '', '', '', 1, 2, NULL, '2020-02-12 15:22:02', '2022-03-31', '1969-12-31', '1969-12-31', '1969-12-31', '1969-12-31');

-- --------------------------------------------------------

--
-- Estrutura da tabela `tb_permissoes`
--

CREATE TABLE `tb_permissoes` (
  `id_permissao` int(11) NOT NULL,
  `nome` varchar(30) CHARACTER SET latin1 NOT NULL,
  `permissoes` text CHARACTER SET latin1 NOT NULL,
  `situacao` tinyint(1) NOT NULL DEFAULT 0,
  `cadastrdo_em` timestamp NOT NULL DEFAULT current_timestamp(),
  `atualizado_em` datetime DEFAULT NULL
) ENGINE=InnoDB DEFAULT CHARSET=utf8;

--
-- Extraindo dados da tabela `tb_permissoes`
--

INSERT INTO `tb_permissoes` (`id_permissao`, `nome`, `permissoes`, `situacao`, `cadastrdo_em`, `atualizado_em`) VALUES
(1, 'Administrador', 'a:25:{s:12:\"vCadProdutos\";s:1:\"1\";s:12:\"aCadProdutos\";s:1:\"1\";s:12:\"eCadProdutos\";s:1:\"1\";s:12:\"dCadProdutos\";s:1:\"1\";s:11:\"vCadCliForn\";s:1:\"1\";s:11:\"aCadCliForn\";s:1:\"1\";s:11:\"eCadCliForn\";s:1:\"1\";s:11:\"dCadCliForn\";s:1:\"1\";s:11:\"vMovEntrada\";s:1:\"1\";s:11:\"aMovEntrada\";s:1:\"1\";s:11:\"eMovEntrada\";s:1:\"1\";s:11:\"dMovEntrada\";s:1:\"1\";s:9:\"vMovSaida\";s:1:\"1\";s:9:\"aMovSaida\";s:1:\"1\";s:9:\"eMovSaida\";s:1:\"1\";s:9:\"dMovSaida\";s:1:\"1\";s:20:\"vRelatorioMovimentos\";s:1:\"1\";s:15:\"vConfigUsuarios\";s:1:\"1\";s:15:\"aConfigUsuarios\";s:1:\"1\";s:15:\"eConfigUsuarios\";s:1:\"1\";s:15:\"dConfigUsuarios\";s:1:\"1\";s:17:\"vConfigPermissoes\";s:1:\"1\";s:17:\"aConfigPermissoes\";s:1:\"1\";s:17:\"eConfigPermissoes\";s:1:\"1\";s:17:\"dConfigPermissoes\";s:1:\"1\";}', 1, '2020-02-08 03:55:10', NULL),
(2, 'Usuário', 'a:25:{s:12:\"vCadProdutos\";s:1:\"1\";s:12:\"aCadProdutos\";s:1:\"1\";s:12:\"eCadProdutos\";s:1:\"1\";s:12:\"dCadProdutos\";s:1:\"1\";s:11:\"vCadCliForn\";s:1:\"1\";s:11:\"aCadCliForn\";s:1:\"1\";s:11:\"eCadCliForn\";s:1:\"1\";s:11:\"dCadCliForn\";s:1:\"1\";s:11:\"vMovEntrada\";s:1:\"1\";s:11:\"aMovEntrada\";s:1:\"1\";s:11:\"eMovEntrada\";s:1:\"1\";s:11:\"dMovEntrada\";s:1:\"1\";s:9:\"vMovSaida\";s:1:\"1\";s:9:\"aMovSaida\";s:1:\"1\";s:9:\"eMovSaida\";s:1:\"1\";s:9:\"dMovSaida\";s:1:\"1\";s:20:\"vRelatorioMovimentos\";s:1:\"1\";s:15:\"vConfigUsuarios\";N;s:15:\"aConfigUsuarios\";N;s:15:\"eConfigUsuarios\";N;s:15:\"dConfigUsuarios\";N;s:17:\"vConfigPermissoes\";N;s:17:\"aConfigPermissoes\";N;s:17:\"eConfigPermissoes\";N;s:17:\"dConfigPermissoes\";N;}', 1, '2020-02-13 14:31:12', NULL);

-- --------------------------------------------------------

--
-- Estrutura da tabela `tb_produtos`
--

CREATE TABLE `tb_produtos` (
  `id_produto` int(11) NOT NULL,
  `codigo` varchar(20) NOT NULL,
  `produto` varchar(60) NOT NULL,
  `quantidade` smallint(6) NOT NULL,
  `tipo` varchar(60) NOT NULL,
  `situacao` tinyint(1) NOT NULL,
  `cadastrado_em` timestamp NOT NULL DEFAULT current_timestamp(),
  `atualizado_em` datetime DEFAULT NULL
) ENGINE=InnoDB DEFAULT CHARSET=utf8;

--
-- Extraindo dados da tabela `tb_produtos`
--

INSERT INTO `tb_produtos` (`id_produto`, `codigo`, `produto`, `quantidade`, `tipo`, `situacao`, `cadastrado_em`, `atualizado_em`) VALUES
(1, '712809', 'BOCAL ENDOSCOPIA 48FR VERDE', 431, 'BOCAL', 1, '2020-02-08 04:19:01', NULL),
(2, '98251604', 'Sonda para varizes Esofagicas 16', 2, 'Sondas ', 1, '2020-02-28 13:49:36', NULL),
(3, 'ROCC-D-26-235-C', 'CLIP DE HEMOSTASIA 11MM', 158, 'HEMOCLIP', 1, '2020-03-02 14:04:14', NULL),
(4, 'PFS02-03023230', 'ALÇA POLIPECTOMIA 30MM', 119, 'ALÇA', 1, '2020-03-02 14:10:05', NULL),
(5, 'PFS02-02423230', 'ALÇA POLIPECTOMIA 24MM', 20, 'ALÇA POLIPECTOMIA', 1, '2020-03-02 14:13:34', NULL),
(6, 'CB18-T5050/23-B', 'ESCOVA LIMPEZA 1.8MM', 6, 'ESCOVA LIMPEZA', 1, '2020-03-02 14:15:13', NULL),
(7, 'AC01-103.A', 'BOCAL ENDOSCOPIA ADULTO', -100, 'BOCAL', 1, '2020-03-02 14:16:08', NULL),
(8, 'AC01-103.P', 'BOCAL ENDOSCOPIA PEDIATRICO', 294, 'BOCAL PEDIATRICO', 1, '2020-03-02 16:25:47', NULL),
(9, 'NBF12-11018180', 'PINÇA DE BIOPSIA PEDIATRICA ', 8, 'PINÇA DE BIOPSIA', 1, '2020-03-02 16:29:06', NULL),
(10, 'JHY-IN-18-180-2305-A', 'INJETOR DE ESCLEROSE PEDIATRICA 1.8MM X 180CM', 17, 'INJETORA', 1, '2020-03-02 16:31:05', NULL),
(11, 'NBF13-11018180', 'PINÇA DE BIÓPSIA PEDIATRICA 1.8MM X 180CM', 19, 'PINÇA DE BIOPSIA', 1, '2020-03-02 16:32:36', NULL),
(12, 'NBF03-11023239', 'PINÇA DE BIOPSIA 2.3MM X 230CM', 50, 'PINÇA DE BIOPSIA', 1, '2020-03-02 16:35:55', NULL),
(13, '712808', 'BOCAL ENDOSCOPIA 38FR AMARELO', 100, 'BOCAL', 1, '2020-03-02 16:38:24', NULL),
(14, 'PFS02-01023230', 'ALÇA DE POLIPECTOMIA 10MM', 20, 'ALÇA', 1, '2020-03-02 16:41:23', NULL),
(15, 'PTI-1816PN2305', 'AGULHA DE ESCLEROSE VITAL', 46, 'INJETORA', 1, '2020-03-02 16:43:24', NULL),
(16, 'IN12-224232302', 'AGULHA DE ESCLEROSE ', -120, 'INJETORA', 1, '2020-03-02 16:49:08', NULL),
(17, '710894', 'KIT GASTROSTOMIA 24FR', 144, 'KIT GTT', 1, '2020-03-02 16:50:24', NULL),
(18, '711177', 'PINÇA RAPTOR', 14, 'PINÇA DE CORPO ESTRANHO', 1, '2020-03-02 17:04:17', NULL),
(19, 'CR11ERL', 'ANEL DE FIXAÇÃO OFTALMOL', 36, 'ANEL DE FIXAÇÃO', 1, '2020-03-02 17:07:02', NULL),
(20, '711050', 'REDE COLETORA 2.5MM X 230CM', 8, 'REDE', 1, '2020-03-02 17:08:56', NULL),
(21, '007175', 'MICROONDAS HTM', 0, 'MICROONDAS', 1, '2020-03-05 14:39:41', NULL),
(22, 'CB23-T5050/23-B', 'ESCOVA DE LIMPEZA 2.3MM', 80, 'ESCOVA', 1, '2020-03-06 17:53:22', NULL),
(23, '00225 ', 'PAPEL ECG 210X140X140 BLOCO', 70, 'PAPEL ECG', 1, '2020-03-06 17:56:18', NULL),
(24, 'JHY-FG-25-230-C3', 'PINÇA COM REDE 2.5X30X60X230CM', 20, 'PINÇA COM REDE', 1, '2020-03-06 18:32:25', NULL),
(25, 'ROCC-F-26-235-C', 'CLIP DE HEMOSTASIA 16MM', 16, 'CLIP HEMOSTASIA', 1, '2020-03-10 18:11:25', NULL),
(26, 'JHY-IN-23-230-2204-A', 'INJETOR DE ESCLEROSE 2.3MM X 2300MM JIUHONG', 240, 'INJETORA', 1, '2020-03-10 18:54:27', NULL),
(27, '111110', 'KIT DE LIGADURA ELASTICA INDUS MEDICAL', 2, 'KIT LIGADURA', 1, '2020-03-10 18:58:41', NULL),
(32, 'S-3000', 'CANETA DE MARCAÇÃO COM REGUA', 2, 'CANETA MARCAÇÃO', 1, '2020-03-13 19:24:32', NULL),
(33, '190300090', 'CONJUNTO NEBULIZACAO ADULTO', 500, 'CONJUNTO NEBULIZACAO', 1, '2020-03-20 18:03:03', NULL);

-- --------------------------------------------------------

--
-- Estrutura da tabela `tb_relatorios`
--

CREATE TABLE `tb_relatorios` (
  `id_relatorio` int(11) NOT NULL,
  `relatorio` varchar(30) DEFAULT NULL
) ENGINE=InnoDB DEFAULT CHARSET=utf8;

--
-- Extraindo dados da tabela `tb_relatorios`
--

INSERT INTO `tb_relatorios` (`id_relatorio`, `relatorio`) VALUES
(1, 'Movimentos Entrada/Saída');

-- --------------------------------------------------------

--
-- Estrutura da tabela `tb_sessoes`
--

CREATE TABLE `tb_sessoes` (
  `id` varchar(128) NOT NULL,
  `ip_address` varchar(45) NOT NULL,
  `timestamp` int(10) UNSIGNED NOT NULL DEFAULT 0,
  `data` blob NOT NULL
) ENGINE=InnoDB DEFAULT CHARSET=utf8;

--
-- Extraindo dados da tabela `tb_sessoes`
--

INSERT INTO `tb_sessoes` (`id`, `ip_address`, `timestamp`, `data`) VALUES
('57f19210bd170b9ecdb4f45e3dca77d425c0f8f3', '201.17.80.121', 1581134994, 0x5f5f63695f6c6173745f726567656e65726174657c693a313538313133343939343b),
('280af5186332f87fcd0748e9d82bdbaa3ba42c77', '201.17.80.121', 1581134623, 0x5f5f63695f6c6173745f726567656e65726174657c693a313538313133343632333b),
('6e4c40611f03b2bdc076af1020793ef8c1daaa54', '201.17.80.121', 1581134623, 0x5f5f63695f6c6173745f726567656e65726174657c693a313538313133343632333b),
('a06c040c4ff48612985cb4cf18a6adaddd3c449c', '201.17.80.121', 1581135377, 0x5f5f63695f6c6173745f726567656e65726174657c693a313538313133353337373b69645f7573756172696f7c733a313a2231223b6e6f6d657c733a31333a2241646d696e6973747261646f72223b656d61696c7c733a31353a2261646d696e4061646d696e2e636f6d223b7065726d697373616f7c733a313a2231223b6d756461725f73656e68617c733a313a2230223b6c6f6761646f7c623a313b7761726e696e677c733a35393a22557375c3a172696f206465736174697661646f2c206661766f7220656e7472617220656d20636f6e7461746f20636f6d206f207375706f7274652e223b5f5f63695f766172737c613a313a7b733a373a227761726e696e67223b733a333a226f6c64223b7d),
('985121b49e0620d332814239e24e7954f2ecbb1e', '201.17.80.121', 1581135899, 0x5f5f63695f6c6173745f726567656e65726174657c693a313538313133353839393b),
('f28927d856edb2f39d776ede1aa72df0748fff6d', '201.17.80.121', 1581135900, 0x5f5f63695f6c6173745f726567656e65726174657c693a313538313133353930303b),
('11249ca113b790a286bc497de35adc48814cd9d0', '201.17.80.121', 1581135982, 0x5f5f63695f6c6173745f726567656e65726174657c693a313538313133353938323b),
('06fbdacd810ac7f9bf4f4b29caa0aa6c55acff70', '177.25.179.210', 1581177713, 0x5f5f63695f6c6173745f726567656e65726174657c693a313538313137373634343b69645f7573756172696f7c733a313a2232223b6e6f6d657c733a363a2253616e64726f223b656d61696c7c733a31373a2273616e64726f4073616e64726f2e636f6d223b7065726d697373616f7c733a313a2231223b6d756461725f73656e68617c733a313a2230223b6c6f6761646f7c623a313b),
('d4b8a0d08b295c57ccf8d48df427faf46a75ce69', '177.25.183.100', 1581268672, 0x5f5f63695f6c6173745f726567656e65726174657c693a313538313236383637313b),
('a8063ccf75df606a646ae7a0c08ce4800ff32c09', '189.112.139.137', 1581348155, 0x5f5f63695f6c6173745f726567656e65726174657c693a313538313334363031323b69645f7573756172696f7c733a313a2232223b6e6f6d657c733a363a2253616e64726f223b656d61696c7c733a31373a2273616e64726f4073616e64726f2e636f6d223b7065726d697373616f7c733a313a2231223b6d756461725f73656e68617c733a313a2230223b6c6f6761646f7c623a313b),
('0e9a4a815e449c0b8ee21c82c438c5f5cbf51b90', '187.72.88.145', 1581358370, 0x5f5f63695f6c6173745f726567656e65726174657c693a313538313335383337303b),
('f81e5f071b5ee082cefe61b3cb28997c611ad6e6', '189.112.139.137', 1581364687, 0x5f5f63695f6c6173745f726567656e65726174657c693a313538313336343638373b69645f7573756172696f7c733a313a2232223b6e6f6d657c733a363a2253616e64726f223b656d61696c7c733a31373a2273616e64726f4073616e64726f2e636f6d223b7065726d697373616f7c733a313a2231223b6d756461725f73656e68617c733a313a2230223b6c6f6761646f7c623a313b),
('ddd9da39b9198339d014d3cccf047f3820fa753d', '189.112.139.137', 1581364687, 0x5f5f63695f6c6173745f726567656e65726174657c693a313538313336343638373b),
('7ebc57e2b652ac5a8c99ae414550f0f32addbcb6', '189.112.139.137', 1581427982, 0x5f5f63695f6c6173745f726567656e65726174657c693a313538313432373936363b69645f7573756172696f7c733a313a2232223b6e6f6d657c733a363a2253616e64726f223b656d61696c7c733a31373a2273616e64726f4073616e64726f2e636f6d223b7065726d697373616f7c733a313a2231223b6d756461725f73656e68617c733a313a2230223b6c6f6761646f7c623a313b),
('1be2dbcc5a6cfd252d474c8e9bc8f4fb8f6c3973', '189.112.139.137', 1581455728, 0x5f5f63695f6c6173745f726567656e65726174657c693a313538313435353731323b69645f7573756172696f7c733a313a2232223b6e6f6d657c733a363a2253616e64726f223b656d61696c7c733a31373a2273616e64726f4073616e64726f2e636f6d223b7065726d697373616f7c733a313a2231223b6d756461725f73656e68617c733a313a2230223b6c6f6761646f7c623a313b),
('363bbbb26afa6377a66f87cb3003b48271846db9', '189.112.139.137', 1581604198, 0x5f5f63695f6c6173745f726567656e65726174657c693a313538313630343139383b69645f7573756172696f7c733a313a2232223b6e6f6d657c733a363a2253616e64726f223b656d61696c7c733a31373a2273616e64726f4073616e64726f2e636f6d223b7065726d697373616f7c733a313a2231223b6d756461725f73656e68617c733a313a2230223b6c6f6761646f7c623a313b),
('9a557ae821dbd47f5a7f48690e446d8f46590be2', '189.112.139.137', 1581604273, 0x5f5f63695f6c6173745f726567656e65726174657c693a313538313630343232353b69645f7573756172696f7c733a313a2235223b6e6f6d657c733a353a225269746120223b656d61696c7c733a32333a2272697461407368636f6d65726369616c2e636f6d2e6272223b7065726d697373616f7c733a313a2231223b6d756461725f73656e68617c733a313a2230223b6c6f6761646f7c623a313b),
('d62da33001884bfeb14d288f5eadadbffe37e86f', '187.72.88.145', 1581616482, 0x5f5f63695f6c6173745f726567656e65726174657c693a313538313631363438323b),
('93a426ba30a5ab0ead54181214036a781a0fe2d4', '201.17.80.121', 1581638800, 0x5f5f63695f6c6173745f726567656e65726174657c693a313538313633383830303b),
('f7bbfd103266bcecc6605d88f083ec01a97d485b', '201.17.84.125', 1582893111, 0x5f5f63695f6c6173745f726567656e65726174657c693a313538323839323836313b69645f7573756172696f7c733a313a2232223b6e6f6d657c733a363a2253616e64726f223b656d61696c7c733a31373a2273616e64726f4073616e64726f2e636f6d223b7065726d697373616f7c733a313a2231223b6d756461725f73656e68617c733a313a2230223b6c6f6761646f7c623a313b),
('95b24084d7495084e957c7e4dc319c6d89579b8f', '187.72.88.145', 1582896226, 0x5f5f63695f6c6173745f726567656e65726174657c693a313538323839363232363b69645f7573756172696f7c733a313a2231223b6e6f6d657c733a31333a2241646d696e6973747261646f72223b656d61696c7c733a31353a2261646d696e4061646d696e2e636f6d223b7065726d697373616f7c733a313a2231223b6d756461725f73656e68617c733a313a2230223b6c6f6761646f7c623a313b),
('bb749990078e865c09a71dd3b967d01b4f763eca', '187.72.88.145', 1582900489, 0x5f5f63695f6c6173745f726567656e65726174657c693a313538323930303438393b),
('5e6d84a7cde93400731db4610c0b781c03820952', '179.158.40.121', 1582897693, 0x5f5f63695f6c6173745f726567656e65726174657c693a313538323839373639333b69645f7573756172696f7c733a313a2232223b6e6f6d657c733a363a2253616e64726f223b656d61696c7c733a31373a2273616e64726f4073616e64726f2e636f6d223b7065726d697373616f7c733a313a2231223b6d756461725f73656e68617c733a313a2230223b6c6f6761646f7c623a313b),
('1551b29914c04fbf868b40eb14624331d6930348', '179.158.40.121', 1582898472, 0x5f5f63695f6c6173745f726567656e65726174657c693a313538323839383437323b69645f7573756172696f7c733a313a2232223b6e6f6d657c733a363a2253616e64726f223b656d61696c7c733a31373a2273616e64726f4073616e64726f2e636f6d223b7065726d697373616f7c733a313a2231223b6d756461725f73656e68617c733a313a2230223b6c6f6761646f7c623a313b),
('4a716c4059ff6cffa703f70d1aeaf92a1a429206', '179.158.40.121', 1582899504, 0x5f5f63695f6c6173745f726567656e65726174657c693a313538323839393530343b69645f7573756172696f7c733a313a2236223b6e6f6d657c733a343a2252697461223b656d61696c7c733a32353a227368636f6d65726369616c31407961686f6f2e636f6d2e6272223b7065726d697373616f7c733a313a2231223b6d756461725f73656e68617c733a313a2230223b6c6f6761646f7c623a313b),
('3a49cc4e2b8480ba64fe971053912449841f72a6', '179.158.40.121', 1582901958, 0x5f5f63695f6c6173745f726567656e65726174657c693a313538323930313935383b69645f7573756172696f7c733a313a2236223b6e6f6d657c733a343a2252697461223b656d61696c7c733a32353a227368636f6d65726369616c31407961686f6f2e636f6d2e6272223b7065726d697373616f7c733a313a2231223b6d756461725f73656e68617c733a313a2230223b6c6f6761646f7c623a313b),
('425c461717213be8446d82e7125b8ec2df78a63a', '187.72.88.145', 1582900797, 0x5f5f63695f6c6173745f726567656e65726174657c693a313538323930303739373b69645f7573756172696f7c733a313a2231223b6e6f6d657c733a31333a2241646d696e6973747261646f72223b656d61696c7c733a31353a2261646d696e4061646d696e2e636f6d223b7065726d697373616f7c733a313a2231223b6d756461725f73656e68617c733a313a2230223b6c6f6761646f7c623a313b),
('17dedaedff4b0520aa49a34bb6af4d2cd1fea16a', '187.72.88.145', 1582900797, 0x5f5f63695f6c6173745f726567656e65726174657c693a313538323930303739373b),
('8d7e774b817065e76907c562d98d7360b28b489f', '179.158.40.121', 1582902302, 0x5f5f63695f6c6173745f726567656e65726174657c693a313538323930323330323b69645f7573756172696f7c733a313a2236223b6e6f6d657c733a343a2252697461223b656d61696c7c733a32353a227368636f6d65726369616c31407961686f6f2e636f6d2e6272223b7065726d697373616f7c733a313a2231223b6d756461725f73656e68617c733a313a2230223b6c6f6761646f7c623a313b),
('1abd1f6fbcad2052696a63b78df402f336cf047a', '179.158.40.121', 1582902994, 0x5f5f63695f6c6173745f726567656e65726174657c693a313538323930323939343b69645f7573756172696f7c733a313a2236223b6e6f6d657c733a343a2252697461223b656d61696c7c733a32353a227368636f6d65726369616c31407961686f6f2e636f6d2e6272223b7065726d697373616f7c733a313a2231223b6d756461725f73656e68617c733a313a2230223b6c6f6761646f7c623a313b),
('e90f28dcbcb18e192ec16641439d1008c4ec8e4f', '179.158.40.121', 1582903678, 0x5f5f63695f6c6173745f726567656e65726174657c693a313538323930333637383b69645f7573756172696f7c733a313a2236223b6e6f6d657c733a343a2252697461223b656d61696c7c733a32353a227368636f6d65726369616c31407961686f6f2e636f6d2e6272223b7065726d697373616f7c733a313a2231223b6d756461725f73656e68617c733a313a2230223b6c6f6761646f7c623a313b),
('b836d935cab9eac3017dfc6c5772bad291533553', '179.158.40.121', 1582903679, 0x5f5f63695f6c6173745f726567656e65726174657c693a313538323930333637393b),
('5128797bd34b61a135779e976f6a064c825e442c', '179.158.40.121', 1582912237, 0x5f5f63695f6c6173745f726567656e65726174657c693a313538323931323233373b69645f7573756172696f7c733a313a2236223b6e6f6d657c733a343a2252697461223b656d61696c7c733a32353a227368636f6d65726369616c31407961686f6f2e636f6d2e6272223b7065726d697373616f7c733a313a2231223b6d756461725f73656e68617c733a313a2230223b6c6f6761646f7c623a313b),
('1b5e9b6511a226623a2f12b83bc459e4715a743e', '179.158.40.121', 1582912965, 0x5f5f63695f6c6173745f726567656e65726174657c693a313538323931323936353b69645f7573756172696f7c733a313a2236223b6e6f6d657c733a343a2252697461223b656d61696c7c733a32353a227368636f6d65726369616c31407961686f6f2e636f6d2e6272223b7065726d697373616f7c733a313a2231223b6d756461725f73656e68617c733a313a2230223b6c6f6761646f7c623a313b),
('13a81fdd91237e4d062babff7c5be2b8bf98290b', '179.158.40.121', 1582913453, 0x5f5f63695f6c6173745f726567656e65726174657c693a313538323931333435333b69645f7573756172696f7c733a313a2236223b6e6f6d657c733a343a2252697461223b656d61696c7c733a32353a227368636f6d65726369616c31407961686f6f2e636f6d2e6272223b7065726d697373616f7c733a313a2231223b6d756461725f73656e68617c733a313a2230223b6c6f6761646f7c623a313b),
('0a1e818714f5de38ad3e23647d13cc61580a61c9', '179.158.40.121', 1582913905, 0x5f5f63695f6c6173745f726567656e65726174657c693a313538323931333930353b69645f7573756172696f7c733a313a2236223b6e6f6d657c733a343a2252697461223b656d61696c7c733a32353a227368636f6d65726369616c31407961686f6f2e636f6d2e6272223b7065726d697373616f7c733a313a2231223b6d756461725f73656e68617c733a313a2230223b6c6f6761646f7c623a313b),
('c9b1b4e41b1342e0d2dbf17a80ad5f30eaebfd3a', '179.158.40.121', 1582915026, 0x5f5f63695f6c6173745f726567656e65726174657c693a313538323931353032363b69645f7573756172696f7c733a313a2236223b6e6f6d657c733a343a2252697461223b656d61696c7c733a32353a227368636f6d65726369616c31407961686f6f2e636f6d2e6272223b7065726d697373616f7c733a313a2231223b6d756461725f73656e68617c733a313a2230223b6c6f6761646f7c623a313b),
('e279b5a339f8b813bd370cb59769916764badfbf', '179.158.40.121', 1582915430, 0x5f5f63695f6c6173745f726567656e65726174657c693a313538323931353433303b69645f7573756172696f7c733a313a2236223b6e6f6d657c733a343a2252697461223b656d61696c7c733a32353a227368636f6d65726369616c31407961686f6f2e636f6d2e6272223b7065726d697373616f7c733a313a2231223b6d756461725f73656e68617c733a313a2230223b6c6f6761646f7c623a313b),
('4e02500a84f53654dc4d5ac040467bde39eb2f56', '179.158.40.121', 1582916460, 0x5f5f63695f6c6173745f726567656e65726174657c693a313538323931363436303b69645f7573756172696f7c733a313a2236223b6e6f6d657c733a343a2252697461223b656d61696c7c733a32353a227368636f6d65726369616c31407961686f6f2e636f6d2e6272223b7065726d697373616f7c733a313a2231223b6d756461725f73656e68617c733a313a2230223b6c6f6761646f7c623a313b),
('bfe0452c950ff80902ea3314e879876f2e9a8b4f', '177.25.186.40', 1582916250, 0x5f5f63695f6c6173745f726567656e65726174657c693a313538323931363134343b69645f7573756172696f7c733a313a2232223b6e6f6d657c733a363a2253616e64726f223b656d61696c7c733a31373a2273616e64726f4073616e64726f2e636f6d223b7065726d697373616f7c733a313a2231223b6d756461725f73656e68617c733a313a2230223b6c6f6761646f7c623a313b),
('aa2b82187e3bc1fca84c04e206b3597ab8f046ca', '179.158.40.121', 1582916812, 0x5f5f63695f6c6173745f726567656e65726174657c693a313538323931363831323b69645f7573756172696f7c733a313a2236223b6e6f6d657c733a343a2252697461223b656d61696c7c733a32353a227368636f6d65726369616c31407961686f6f2e636f6d2e6272223b7065726d697373616f7c733a313a2231223b6d756461725f73656e68617c733a313a2230223b6c6f6761646f7c623a313b),
('1ee8588cc77374f8c3e61af80246861218b8f67e', '179.158.40.121', 1582916863, 0x5f5f63695f6c6173745f726567656e65726174657c693a313538323931363836333b),
('277097288ed24b1aa86038cc508b441aa2c904d6', '179.158.40.121', 1582918586, 0x5f5f63695f6c6173745f726567656e65726174657c693a313538323931383538363b),
('dd43d17887c57a504a0781410da3e43388436292', '201.17.80.121', 1582938041, 0x5f5f63695f6c6173745f726567656e65726174657c693a313538323933383034313b69645f7573756172696f7c733a313a2231223b6e6f6d657c733a31333a2241646d696e6973747261646f72223b656d61696c7c733a31353a2261646d696e4061646d696e2e636f6d223b7065726d697373616f7c733a313a2231223b6d756461725f73656e68617c733a313a2230223b6c6f6761646f7c623a313b),
('5cb19a287924bb6fc720be6d042bbb668893b3e3', '201.17.80.121', 1582937867, 0x5f5f63695f6c6173745f726567656e65726174657c693a313538323933373836373b),
('c7d953ed815fcf826c1b2b630493d2327cbabba7', '201.17.80.121', 1582937867, 0x5f5f63695f6c6173745f726567656e65726174657c693a313538323933373836373b),
('0e127aeeec68cc75e87a7490d720e7591d6fdadf', '201.17.80.121', 1582938062, 0x5f5f63695f6c6173745f726567656e65726174657c693a313538323933383036323b),
('d24252db2b8157084799d0cf02be4985f3ce67d1', '187.67.52.218', 1583018893, 0x5f5f63695f6c6173745f726567656e65726174657c693a313538333031383839333b),
('620103cdfadc8bb6e42755ccb844c26fe4dfe39a', '177.25.181.195', 1583096090, 0x5f5f63695f6c6173745f726567656e65726174657c693a313538333039363039303b),
('483a2f6f4c6853984a2a4209b98fdec719a96f3a', '177.25.190.211', 1583096090, 0x5f5f63695f6c6173745f726567656e65726174657c693a313538333039363039303b),
('0df0cdeb51f4110229cfde77eb2831b33db19c9d', '177.25.190.211', 1583096090, 0x5f5f63695f6c6173745f726567656e65726174657c693a313538333039363039303b),
('eb28cac9bf5bfa03825764cda83778249ea74936', '179.158.40.121', 1583157353, 0x5f5f63695f6c6173745f726567656e65726174657c693a313538333135373335333b69645f7573756172696f7c733a313a2236223b6e6f6d657c733a343a2252697461223b656d61696c7c733a32353a227368636f6d65726369616c31407961686f6f2e636f6d2e6272223b7065726d697373616f7c733a313a2231223b6d756461725f73656e68617c733a313a2230223b6c6f6761646f7c623a313b),
('c46af16f3917095e607b2a1cdb913e76ec044c97', '179.158.40.121', 1583157354, 0x5f5f63695f6c6173745f726567656e65726174657c693a313538333135373335333b69645f7573756172696f7c733a313a2236223b6e6f6d657c733a343a2252697461223b656d61696c7c733a32353a227368636f6d65726369616c31407961686f6f2e636f6d2e6272223b7065726d697373616f7c733a313a2231223b6d756461725f73656e68617c733a313a2230223b6c6f6761646f7c623a313b),
('d54f67fa68f735acd9bb3ce5d773ad4080c5f438', '179.158.40.121', 1583158205, 0x5f5f63695f6c6173745f726567656e65726174657c693a313538333135383230353b69645f7573756172696f7c733a313a2236223b6e6f6d657c733a343a2252697461223b656d61696c7c733a32353a227368636f6d65726369616c31407961686f6f2e636f6d2e6272223b7065726d697373616f7c733a313a2231223b6d756461725f73656e68617c733a313a2230223b6c6f6761646f7c623a313b),
('c6341826519a0205d9270bf18d3b5a58d09706f8', '179.158.40.121', 1583158513, 0x5f5f63695f6c6173745f726567656e65726174657c693a313538333135383531333b69645f7573756172696f7c733a313a2236223b6e6f6d657c733a343a2252697461223b656d61696c7c733a32353a227368636f6d65726369616c31407961686f6f2e636f6d2e6272223b7065726d697373616f7c733a313a2231223b6d756461725f73656e68617c733a313a2230223b6c6f6761646f7c623a313b),
('329173cb098ad3d00de85ac38ef0c30beb6a5a5e', '179.158.40.121', 1583158621, 0x5f5f63695f6c6173745f726567656e65726174657c693a313538333135383632313b),
('6119503fe3e218a3b46a367fc975e79331caf5a8', '201.17.80.121', 1583160004, 0x5f5f63695f6c6173745f726567656e65726174657c693a313538333136303030343b69645f7573756172696f7c733a313a2231223b6e6f6d657c733a31333a2241646d696e6973747261646f72223b656d61696c7c733a31353a2261646d696e4061646d696e2e636f6d223b7065726d697373616f7c733a313a2231223b6d756461725f73656e68617c733a313a2230223b6c6f6761646f7c623a313b),
('839045cb1b78d21fe7b311d28e05213c7f3148c5', '201.17.80.121', 1583159685, 0x5f5f63695f6c6173745f726567656e65726174657c693a313538333135393638353b),
('3b4f080bb9066323ee32080f9b84f9a628045950', '201.17.80.121', 1583159686, 0x5f5f63695f6c6173745f726567656e65726174657c693a313538333135393638363b),
('c77bd1eef21805d42be81c2ae13609d61019689a', '201.17.80.121', 1583160326, 0x5f5f63695f6c6173745f726567656e65726174657c693a313538333136303332363b69645f7573756172696f7c733a313a2231223b6e6f6d657c733a31333a2241646d696e6973747261646f72223b656d61696c7c733a31353a2261646d696e4061646d696e2e636f6d223b7065726d697373616f7c733a313a2231223b6d756461725f73656e68617c733a313a2230223b6c6f6761646f7c623a313b),
('e2f6b099ec094f8dcb85f89ae2df85a8408e7bd2', '201.17.80.121', 1583160541, 0x5f5f63695f6c6173745f726567656e65726174657c693a313538333136303534313b),
('791bca76d64a0df49c0eb3fac0fe4bf4438cce3c', '179.158.40.121', 1583166546, 0x5f5f63695f6c6173745f726567656e65726174657c693a313538333136363534363b69645f7573756172696f7c733a313a2236223b6e6f6d657c733a343a2252697461223b656d61696c7c733a32353a227368636f6d65726369616c31407961686f6f2e636f6d2e6272223b7065726d697373616f7c733a313a2231223b6d756461725f73656e68617c733a313a2230223b6c6f6761646f7c623a313b),
('6fd4150809a58bdb5c1bf4c4c3d189440b581dab', '179.158.40.121', 1583166955, 0x5f5f63695f6c6173745f726567656e65726174657c693a313538333136363935353b69645f7573756172696f7c733a313a2236223b6e6f6d657c733a343a2252697461223b656d61696c7c733a32353a227368636f6d65726369616c31407961686f6f2e636f6d2e6272223b7065726d697373616f7c733a313a2231223b6d756461725f73656e68617c733a313a2230223b6c6f6761646f7c623a313b),
('6f60f90b532675289f74adc828bdd2238643413a', '179.158.40.121', 1583167283, 0x5f5f63695f6c6173745f726567656e65726174657c693a313538333136373238333b69645f7573756172696f7c733a313a2236223b6e6f6d657c733a343a2252697461223b656d61696c7c733a32353a227368636f6d65726369616c31407961686f6f2e636f6d2e6272223b7065726d697373616f7c733a313a2231223b6d756461725f73656e68617c733a313a2230223b6c6f6761646f7c623a313b),
('6f0ca827cc7261ee73076c1f7d2efd767671e23c', '179.158.40.121', 1583167748, 0x5f5f63695f6c6173745f726567656e65726174657c693a313538333136373734383b69645f7573756172696f7c733a313a2236223b6e6f6d657c733a343a2252697461223b656d61696c7c733a32353a227368636f6d65726369616c31407961686f6f2e636f6d2e6272223b7065726d697373616f7c733a313a2231223b6d756461725f73656e68617c733a313a2230223b6c6f6761646f7c623a313b),
('53d3ceb8bba2c57c1ac2239cb9be2e5da9f460a6', '179.158.40.121', 1583168582, 0x5f5f63695f6c6173745f726567656e65726174657c693a313538333136383538323b),
('14e47d6d0a18a49ee9eec0f0ccfe29a0a7ab552f', '179.158.40.121', 1583168936, 0x5f5f63695f6c6173745f726567656e65726174657c693a313538333136383933363b69645f7573756172696f7c733a313a2236223b6e6f6d657c733a343a2252697461223b656d61696c7c733a32353a227368636f6d65726369616c31407961686f6f2e636f6d2e6272223b7065726d697373616f7c733a313a2231223b6d756461725f73656e68617c733a313a2230223b6c6f6761646f7c623a313b),
('100febc9c7916d2c71406e261becf365973970a8', '179.158.40.121', 1583169282, 0x5f5f63695f6c6173745f726567656e65726174657c693a313538333136393238323b69645f7573756172696f7c733a313a2236223b6e6f6d657c733a343a2252697461223b656d61696c7c733a32353a227368636f6d65726369616c31407961686f6f2e636f6d2e6272223b7065726d697373616f7c733a313a2231223b6d756461725f73656e68617c733a313a2230223b6c6f6761646f7c623a313b),
('104a8a7d2eff21bf3ee28205055e5c63070d31ea', '179.158.40.121', 1583169283, 0x5f5f63695f6c6173745f726567656e65726174657c693a313538333136393238333b),
('74d129af5b85c98fb7c84388662edd002fd7b811', '189.112.139.137', 1583245823, 0x5f5f63695f6c6173745f726567656e65726174657c693a313538333234353734373b69645f7573756172696f7c733a313a2232223b6e6f6d657c733a363a2253616e64726f223b656d61696c7c733a31373a2273616e64726f4073616e64726f2e636f6d223b7065726d697373616f7c733a313a2231223b6d756461725f73656e68617c733a313a2230223b6c6f6761646f7c623a313b),
('671b6924278821e467788050f2a3736a1d59f319', '189.112.139.137', 1583254492, 0x5f5f63695f6c6173745f726567656e65726174657c693a313538333235343439313b),
('ffa053c0e828f94e637668128bdf422fc7a7c00f', '187.72.88.145', 1583271234, 0x5f5f63695f6c6173745f726567656e65726174657c693a313538333237313233343b),
('7c9395e7e52084c67406827fe5bf90495292e2c0', '179.158.40.121', 1583337333, 0x5f5f63695f6c6173745f726567656e65726174657c693a313538333333373333333b69645f7573756172696f7c733a313a2236223b6e6f6d657c733a343a2252697461223b656d61696c7c733a32353a227368636f6d65726369616c31407961686f6f2e636f6d2e6272223b7065726d697373616f7c733a313a2231223b6d756461725f73656e68617c733a313a2230223b6c6f6761646f7c623a313b),
('519aac97028d21dc3ab5f99f82bde685b5f034b8', '179.158.40.121', 1583337742, 0x5f5f63695f6c6173745f726567656e65726174657c693a313538333333373734323b69645f7573756172696f7c733a313a2236223b6e6f6d657c733a343a2252697461223b656d61696c7c733a32353a227368636f6d65726369616c31407961686f6f2e636f6d2e6272223b7065726d697373616f7c733a313a2231223b6d756461725f73656e68617c733a313a2230223b6c6f6761646f7c623a313b),
('38be3de5d1d96756e749d80a77b4cbf75d0b62ec', '179.158.40.121', 1583341691, 0x5f5f63695f6c6173745f726567656e65726174657c693a313538333334313639313b),
('bf8df70102a265d1e7e9fea6db81e2fd7374f928', '179.158.40.121', 1583342222, 0x5f5f63695f6c6173745f726567656e65726174657c693a313538333334323232323b),
('2f51c7cc9df6373e35128d2ee956b4e8e8d00161', '179.158.40.121', 1583345907, 0x5f5f63695f6c6173745f726567656e65726174657c693a313538333334353930373b69645f7573756172696f7c733a313a2236223b6e6f6d657c733a343a2252697461223b656d61696c7c733a32353a227368636f6d65726369616c31407961686f6f2e636f6d2e6272223b7065726d697373616f7c733a313a2231223b6d756461725f73656e68617c733a313a2230223b6c6f6761646f7c623a313b),
('b693a37a84de8f8501936389375601ba09206eb3', '189.112.139.137', 1583344960, 0x5f5f63695f6c6173745f726567656e65726174657c693a313538333334343833303b69645f7573756172696f7c733a313a2232223b6e6f6d657c733a363a2253616e64726f223b656d61696c7c733a31373a2273616e64726f4073616e64726f2e636f6d223b7065726d697373616f7c733a313a2231223b6d756461725f73656e68617c733a313a2230223b6c6f6761646f7c623a313b),
('fde65bd7bfa71c669e86f8b6c07e2586730e3feb', '179.158.40.121', 1583346577, 0x5f5f63695f6c6173745f726567656e65726174657c693a313538333334363537373b69645f7573756172696f7c733a313a2236223b6e6f6d657c733a343a2252697461223b656d61696c7c733a32353a227368636f6d65726369616c31407961686f6f2e636f6d2e6272223b7065726d697373616f7c733a313a2231223b6d756461725f73656e68617c733a313a2230223b6c6f6761646f7c623a313b),
('942c8de50f23d66836445fab9c01b3e72b2d8a96', '179.158.40.121', 1583350464, 0x5f5f63695f6c6173745f726567656e65726174657c693a313538333335303436343b),
('13d39945f24bf53f8f03b01b7f19392edff988de', '179.158.40.121', 1583350600, 0x5f5f63695f6c6173745f726567656e65726174657c693a313538333335303630303b),
('28515b2cefc117cd12ca296f81f9187ab4682799', '179.158.40.121', 1583413945, 0x5f5f63695f6c6173745f726567656e65726174657c693a313538333431333934353b69645f7573756172696f7c733a313a2236223b6e6f6d657c733a343a2252697461223b656d61696c7c733a32353a227368636f6d65726369616c31407961686f6f2e636f6d2e6272223b7065726d697373616f7c733a313a2231223b6d756461725f73656e68617c733a313a2230223b6c6f6761646f7c623a313b),
('dc6c451e4ed25b4c033f6af115f991af5ab73cd0', '179.158.40.121', 1583417857, 0x5f5f63695f6c6173745f726567656e65726174657c693a313538333431373835373b),
('2bfec820609078148d2e54ea9683d48429347dd3', '187.72.88.145', 1583416767, 0x5f5f63695f6c6173745f726567656e65726174657c693a313538333431363736373b),
('fbff36d7b2c5bbd2fa53e3550de984d9df5b72d8', '187.72.88.145', 1583419497, 0x5f5f63695f6c6173745f726567656e65726174657c693a313538333431393439373b),
('01b48143c992decf46ef7c29924cf6ab1cc90799', '179.158.40.121', 1583418588, 0x5f5f63695f6c6173745f726567656e65726174657c693a313538333431383538383b69645f7573756172696f7c733a313a2236223b6e6f6d657c733a343a2252697461223b656d61696c7c733a32353a227368636f6d65726369616c31407961686f6f2e636f6d2e6272223b7065726d697373616f7c733a313a2231223b6d756461725f73656e68617c733a313a2230223b6c6f6761646f7c623a313b),
('a825531bc718424c995e4e5220f34068b144d6b3', '179.158.40.121', 1583418945, 0x5f5f63695f6c6173745f726567656e65726174657c693a313538333431383934353b69645f7573756172696f7c733a313a2236223b6e6f6d657c733a343a2252697461223b656d61696c7c733a32353a227368636f6d65726369616c31407961686f6f2e636f6d2e6272223b7065726d697373616f7c733a313a2231223b6d756461725f73656e68617c733a313a2230223b6c6f6761646f7c623a313b),
('9125ae87200b3f515bcc518764f8e5312efd94cb', '179.158.40.121', 1583420180, 0x5f5f63695f6c6173745f726567656e65726174657c693a313538333432303138303b69645f7573756172696f7c733a313a2236223b6e6f6d657c733a343a2252697461223b656d61696c7c733a32353a227368636f6d65726369616c31407961686f6f2e636f6d2e6272223b7065726d697373616f7c733a313a2231223b6d756461725f73656e68617c733a313a2230223b6c6f6761646f7c623a313b),
('14c0fe8cdcb23568c30849b69b8320fea221b534', '187.72.88.145', 1583419536, 0x5f5f63695f6c6173745f726567656e65726174657c693a313538333431393533363b),
('e7ec93c06044508c78f1e97679017020c5c1492a', '179.158.40.121', 1583427320, 0x5f5f63695f6c6173745f726567656e65726174657c693a313538333432373332303b),
('12942695a2662f700f6d02a44785b20e3f051b18', '179.158.40.121', 1583427663, 0x5f5f63695f6c6173745f726567656e65726174657c693a313538333432373636333b69645f7573756172696f7c733a313a2236223b6e6f6d657c733a343a2252697461223b656d61696c7c733a32353a227368636f6d65726369616c31407961686f6f2e636f6d2e6272223b7065726d697373616f7c733a313a2231223b6d756461725f73656e68617c733a313a2230223b6c6f6761646f7c623a313b),
('15a55fc2832aad3b9b30f9fa64106d1ff17613c8', '179.158.40.121', 1583430371, 0x5f5f63695f6c6173745f726567656e65726174657c693a313538333433303337313b),
('c461fde804fe89e516e9d75fd3ec47d1c1501907', '179.158.40.121', 1583432686, 0x5f5f63695f6c6173745f726567656e65726174657c693a313538333433323638363b),
('2886ea691410b6ceadd3f8898105c0b0ed6db5be', '187.72.88.145', 1583431715, 0x5f5f63695f6c6173745f726567656e65726174657c693a313538333433313731353b),
('e3be1990a8115c0859064c8b8e8e6d6df75a8c37', '179.158.40.121', 1583433025, 0x5f5f63695f6c6173745f726567656e65726174657c693a313538333433333032353b69645f7573756172696f7c733a313a2236223b6e6f6d657c733a343a2252697461223b656d61696c7c733a32353a227368636f6d65726369616c31407961686f6f2e636f6d2e6272223b7065726d697373616f7c733a313a2231223b6d756461725f73656e68617c733a313a2230223b6c6f6761646f7c623a313b),
('28e502e68ee9d70004c64366e8dde274f511da2f', '179.158.40.121', 1583433327, 0x5f5f63695f6c6173745f726567656e65726174657c693a313538333433333332373b69645f7573756172696f7c733a313a2236223b6e6f6d657c733a343a2252697461223b656d61696c7c733a32353a227368636f6d65726369616c31407961686f6f2e636f6d2e6272223b7065726d697373616f7c733a313a2231223b6d756461725f73656e68617c733a313a2230223b6c6f6761646f7c623a313b),
('4dc6ffd11211cb32219e3eab9c30681fa03ad8c6', '179.158.40.121', 1583433665, 0x5f5f63695f6c6173745f726567656e65726174657c693a313538333433333636353b69645f7573756172696f7c733a313a2236223b6e6f6d657c733a343a2252697461223b656d61696c7c733a32353a227368636f6d65726369616c31407961686f6f2e636f6d2e6272223b7065726d697373616f7c733a313a2231223b6d756461725f73656e68617c733a313a2230223b6c6f6761646f7c623a313b),
('b14748dd81d4225ffe11335c9715f9f0e9cd50e8', '179.158.40.121', 1583434440, 0x5f5f63695f6c6173745f726567656e65726174657c693a313538333433343434303b69645f7573756172696f7c733a313a2236223b6e6f6d657c733a343a2252697461223b656d61696c7c733a32353a227368636f6d65726369616c31407961686f6f2e636f6d2e6272223b7065726d697373616f7c733a313a2231223b6d756461725f73656e68617c733a313a2230223b6c6f6761646f7c623a313b),
('8c33a4bb7433f4b77fa8571e0935e490cef1c71f', '179.158.40.121', 1583434440, 0x5f5f63695f6c6173745f726567656e65726174657c693a313538333433343434303b),
('82e0db138863eca59665728c6fd9cb9c4e9fe3fe', '187.72.88.145', 1583440015, 0x5f5f63695f6c6173745f726567656e65726174657c693a313538333434303031353b),
('d6a2d0d7061396d6b31969aced3bd20e1a361c84', '179.158.40.121', 1583506820, 0x5f5f63695f6c6173745f726567656e65726174657c693a313538333530363832303b),
('7542982c40854229dbbab88a8f046ecb5e43b30f', '179.158.40.121', 1583514970, 0x5f5f63695f6c6173745f726567656e65726174657c693a313538333531343937303b69645f7573756172696f7c733a313a2236223b6e6f6d657c733a343a2252697461223b656d61696c7c733a32353a227368636f6d65726369616c31407961686f6f2e636f6d2e6272223b7065726d697373616f7c733a313a2231223b6d756461725f73656e68617c733a313a2230223b6c6f6761646f7c623a313b),
('71104fc3273c07ef30b22a0bb1910455e223978f', '179.158.40.121', 1583515376, 0x5f5f63695f6c6173745f726567656e65726174657c693a313538333531353337363b69645f7573756172696f7c733a313a2236223b6e6f6d657c733a343a2252697461223b656d61696c7c733a32353a227368636f6d65726369616c31407961686f6f2e636f6d2e6272223b7065726d697373616f7c733a313a2231223b6d756461725f73656e68617c733a313a2230223b6c6f6761646f7c623a313b),
('853cbf49d43547a8a268cc48bdc698fd75759350', '179.158.40.121', 1583515734, 0x5f5f63695f6c6173745f726567656e65726174657c693a313538333531353733343b69645f7573756172696f7c733a313a2236223b6e6f6d657c733a343a2252697461223b656d61696c7c733a32353a227368636f6d65726369616c31407961686f6f2e636f6d2e6272223b7065726d697373616f7c733a313a2231223b6d756461725f73656e68617c733a313a2230223b6c6f6761646f7c623a313b),
('6f04dc0d4120ee72750510407918b2157499f5a7', '179.158.40.121', 1583516162, 0x5f5f63695f6c6173745f726567656e65726174657c693a313538333531363136323b69645f7573756172696f7c733a313a2236223b6e6f6d657c733a343a2252697461223b656d61696c7c733a32353a227368636f6d65726369616c31407961686f6f2e636f6d2e6272223b7065726d697373616f7c733a313a2231223b6d756461725f73656e68617c733a313a2230223b6c6f6761646f7c623a313b),
('23f8065f7d942c5b4579e6359599a1dd0471819c', '179.158.40.121', 1583516618, 0x5f5f63695f6c6173745f726567656e65726174657c693a313538333531363631383b69645f7573756172696f7c733a313a2236223b6e6f6d657c733a343a2252697461223b656d61696c7c733a32353a227368636f6d65726369616c31407961686f6f2e636f6d2e6272223b7065726d697373616f7c733a313a2231223b6d756461725f73656e68617c733a313a2230223b6c6f6761646f7c623a313b),
('0b3d86f4253886e22d075f09d79d42c7d4b36915', '179.158.40.121', 1583517202, 0x5f5f63695f6c6173745f726567656e65726174657c693a313538333531373230323b69645f7573756172696f7c733a313a2236223b6e6f6d657c733a343a2252697461223b656d61696c7c733a32353a227368636f6d65726369616c31407961686f6f2e636f6d2e6272223b7065726d697373616f7c733a313a2231223b6d756461725f73656e68617c733a313a2230223b6c6f6761646f7c623a313b),
('cc6518d1e114575ca93d416c8ab10c9d2337c97f', '179.158.40.121', 1583517565, 0x5f5f63695f6c6173745f726567656e65726174657c693a313538333531373536353b69645f7573756172696f7c733a313a2236223b6e6f6d657c733a343a2252697461223b656d61696c7c733a32353a227368636f6d65726369616c31407961686f6f2e636f6d2e6272223b7065726d697373616f7c733a313a2231223b6d756461725f73656e68617c733a313a2230223b6c6f6761646f7c623a313b),
('e0406477c6a4a715f1eec70a0c340e36be0106cb', '179.158.40.121', 1583518749, 0x5f5f63695f6c6173745f726567656e65726174657c693a313538333531383734393b69645f7573756172696f7c733a313a2236223b6e6f6d657c733a343a2252697461223b656d61696c7c733a32353a227368636f6d65726369616c31407961686f6f2e636f6d2e6272223b7065726d697373616f7c733a313a2231223b6d756461725f73656e68617c733a313a2230223b6c6f6761646f7c623a313b),
('ca579f1a4cb37c3ae37f743dec9c25a71f0a95b2', '179.158.40.121', 1583519107, 0x5f5f63695f6c6173745f726567656e65726174657c693a313538333531393130363b69645f7573756172696f7c733a313a2236223b6e6f6d657c733a343a2252697461223b656d61696c7c733a32353a227368636f6d65726369616c31407961686f6f2e636f6d2e6272223b7065726d697373616f7c733a313a2231223b6d756461725f73656e68617c733a313a2230223b6c6f6761646f7c623a313b),
('c6524925eb6abe921985f6b45c595cb299ea58fd', '179.158.40.121', 1583519545, 0x5f5f63695f6c6173745f726567656e65726174657c693a313538333531393534353b69645f7573756172696f7c733a313a2236223b6e6f6d657c733a343a2252697461223b656d61696c7c733a32353a227368636f6d65726369616c31407961686f6f2e636f6d2e6272223b7065726d697373616f7c733a313a2231223b6d756461725f73656e68617c733a313a2230223b6c6f6761646f7c623a313b),
('7e33f33b6f65fe4e90915fea917c4521c4c517e8', '179.158.40.121', 1583519720, 0x5f5f63695f6c6173745f726567656e65726174657c693a313538333531393732303b),
('56b518d9ec216fd04fb8bb76b0e8c8fd358afce5', '187.72.88.145', 1583527584, 0x5f5f63695f6c6173745f726567656e65726174657c693a313538333532373538343b69645f7573756172696f7c733a313a2231223b6e6f6d657c733a31333a2241646d696e6973747261646f72223b656d61696c7c733a31353a2261646d696e4061646d696e2e636f6d223b7065726d697373616f7c733a313a2231223b6d756461725f73656e68617c733a313a2230223b6c6f6761646f7c623a313b),
('9ae5fdc1d6854ac1590c0fab2078304fd6359f00', '187.72.88.145', 1583528480, 0x5f5f63695f6c6173745f726567656e65726174657c693a313538333532383438303b),
('0e75a7cbff29c83d9554114beff342a6b3e0a26d', '187.72.88.145', 1583528544, 0x5f5f63695f6c6173745f726567656e65726174657c693a313538333532383534343b),
('e361dd78706f74174b76de54db638ec30047569a', '177.79.118.57', 1583540359, 0x5f5f63695f6c6173745f726567656e65726174657c693a313538333534303335393b69645f7573756172696f7c733a313a2232223b6e6f6d657c733a363a2253616e64726f223b656d61696c7c733a31373a2273616e64726f4073616e64726f2e636f6d223b7065726d697373616f7c733a313a2231223b6d756461725f73656e68617c733a313a2230223b6c6f6761646f7c623a313b),
('58ad0989418b811ef76a81221d32e133baa771b9', '177.79.118.57', 1583540359, 0x5f5f63695f6c6173745f726567656e65726174657c693a313538333534303335393b69645f7573756172696f7c733a313a2232223b6e6f6d657c733a363a2253616e64726f223b656d61696c7c733a31373a2273616e64726f4073616e64726f2e636f6d223b7065726d697373616f7c733a313a2231223b6d756461725f73656e68617c733a313a2230223b6c6f6761646f7c623a313b),
('2e407a4313eb925fd1e142f866789aee4a15be1b', '201.17.80.121', 1583542563, 0x5f5f63695f6c6173745f726567656e65726174657c693a313538333534323536333b),
('bc437b17dda8a90e824c1b751fd4ae8ea24959ba', '201.17.84.125', 1583591417, 0x5f5f63695f6c6173745f726567656e65726174657c693a313538333539313431373b),
('7d3d894f95564d6a17e3d087cc858e2ba18a7b30', '177.84.33.242', 1583855730, 0x5f5f63695f6c6173745f726567656e65726174657c693a313538333835353535373b69645f7573756172696f7c733a313a2232223b6e6f6d657c733a363a2253616e64726f223b656d61696c7c733a31373a2273616e64726f4073616e64726f2e636f6d223b7065726d697373616f7c733a313a2231223b6d756461725f73656e68617c733a313a2230223b6c6f6761646f7c623a313b),
('258f3ac6c9b66f9116c61623b700d5e085085be3', '179.158.40.121', 1583864430, 0x5f5f63695f6c6173745f726567656e65726174657c693a313538333836343433303b69645f7573756172696f7c733a313a2236223b6e6f6d657c733a343a2252697461223b656d61696c7c733a32353a227368636f6d65726369616c31407961686f6f2e636f6d2e6272223b7065726d697373616f7c733a313a2231223b6d756461725f73656e68617c733a313a2230223b6c6f6761646f7c623a313b),
('e7d6c4d22ed86c42c771555b4633d9db898821a2', '179.158.40.121', 1583864916, 0x5f5f63695f6c6173745f726567656e65726174657c693a313538333836343931363b69645f7573756172696f7c733a313a2236223b6e6f6d657c733a343a2252697461223b656d61696c7c733a32353a227368636f6d65726369616c31407961686f6f2e636f6d2e6272223b7065726d697373616f7c733a313a2231223b6d756461725f73656e68617c733a313a2230223b6c6f6761646f7c623a313b),
('b7c192a81b61d5c4bf36f8a5ab712f2dc49cfe2c', '179.158.40.121', 1583865319, 0x5f5f63695f6c6173745f726567656e65726174657c693a313538333836353331393b69645f7573756172696f7c733a313a2236223b6e6f6d657c733a343a2252697461223b656d61696c7c733a32353a227368636f6d65726369616c31407961686f6f2e636f6d2e6272223b7065726d697373616f7c733a313a2231223b6d756461725f73656e68617c733a313a2230223b6c6f6761646f7c623a313b),
('4036dc4eb0b816982d2c22d6352dd8a29810ace4', '179.158.40.121', 1583865759, 0x5f5f63695f6c6173745f726567656e65726174657c693a313538333836353735393b69645f7573756172696f7c733a313a2236223b6e6f6d657c733a343a2252697461223b656d61696c7c733a32353a227368636f6d65726369616c31407961686f6f2e636f6d2e6272223b7065726d697373616f7c733a313a2231223b6d756461725f73656e68617c733a313a2230223b6c6f6761646f7c623a313b),
('78b36a43045d7370def118fad87bb7b9a2561fb0', '179.158.40.121', 1583866316, 0x5f5f63695f6c6173745f726567656e65726174657c693a313538333836363331363b69645f7573756172696f7c733a313a2236223b6e6f6d657c733a343a2252697461223b656d61696c7c733a32353a227368636f6d65726369616c31407961686f6f2e636f6d2e6272223b7065726d697373616f7c733a313a2231223b6d756461725f73656e68617c733a313a2230223b6c6f6761646f7c623a313b),
('01344763c62f9762af171989a6294cefae2ebeba', '179.158.40.121', 1583866827, 0x5f5f63695f6c6173745f726567656e65726174657c693a313538333836363832373b69645f7573756172696f7c733a313a2236223b6e6f6d657c733a343a2252697461223b656d61696c7c733a32353a227368636f6d65726369616c31407961686f6f2e636f6d2e6272223b7065726d697373616f7c733a313a2231223b6d756461725f73656e68617c733a313a2230223b6c6f6761646f7c623a313b),
('a2a9690875a90dfce1c8226dde5c7417629951c3', '179.158.40.121', 1583868071, 0x5f5f63695f6c6173745f726567656e65726174657c693a313538333836383037313b),
('53ad4f9dc285dab3fc6844ceaeb60db10fc49151', '179.158.40.121', 1583868301, 0x5f5f63695f6c6173745f726567656e65726174657c693a313538333836383330313b),
('b35acda20407d3212d889023f6a7a5a74133f99c', '179.158.40.121', 1583931728, 0x5f5f63695f6c6173745f726567656e65726174657c693a313538333933313732383b69645f7573756172696f7c733a313a2236223b6e6f6d657c733a343a2252697461223b656d61696c7c733a32353a227368636f6d65726369616c31407961686f6f2e636f6d2e6272223b7065726d697373616f7c733a313a2231223b6d756461725f73656e68617c733a313a2230223b6c6f6761646f7c623a313b),
('bc115b925b9024f59aea0734f27013bccf41f335', '179.158.40.121', 1583931729, 0x5f5f63695f6c6173745f726567656e65726174657c693a313538333933313732393b),
('4abd02a8b358c49991c7780131ec54492e579a24', '201.17.80.121', 1584059299, 0x5f5f63695f6c6173745f726567656e65726174657c693a313538343035393239393b),
('0799490ec98c4b2e8816131107f572ac7f41f162', '179.158.40.121', 1584114771, 0x5f5f63695f6c6173745f726567656e65726174657c693a313538343131343737313b69645f7573756172696f7c733a313a2236223b6e6f6d657c733a343a2252697461223b656d61696c7c733a32353a227368636f6d65726369616c31407961686f6f2e636f6d2e6272223b7065726d697373616f7c733a313a2231223b6d756461725f73656e68617c733a313a2230223b6c6f6761646f7c623a313b),
('b9358d3dba6bef0f7c641cd1a05b1e5bc7e6019b', '179.158.40.121', 1584115094, 0x5f5f63695f6c6173745f726567656e65726174657c693a313538343131353039343b69645f7573756172696f7c733a313a2236223b6e6f6d657c733a343a2252697461223b656d61696c7c733a32353a227368636f6d65726369616c31407961686f6f2e636f6d2e6272223b7065726d697373616f7c733a313a2231223b6d756461725f73656e68617c733a313a2230223b6c6f6761646f7c623a313b),
('5ab55a553c7822838e52fca5986b3bf7894be91e', '179.158.40.121', 1584119190, 0x5f5f63695f6c6173745f726567656e65726174657c693a313538343131393139303b),
('cd3418552e0e483aeab8738f0c5e7c5ba279064d', '179.158.40.121', 1584120035, 0x5f5f63695f6c6173745f726567656e65726174657c693a313538343132303033353b),
('078c51be1146214010ff3e0b9d495c0f2fa6ffd9', '179.158.40.121', 1584120390, 0x5f5f63695f6c6173745f726567656e65726174657c693a313538343132303339303b69645f7573756172696f7c733a313a2236223b6e6f6d657c733a343a2252697461223b656d61696c7c733a32353a227368636f6d65726369616c31407961686f6f2e636f6d2e6272223b7065726d697373616f7c733a313a2231223b6d756461725f73656e68617c733a313a2230223b6c6f6761646f7c623a313b),
('1a5d5cb9a6937486b270ef5d82d4313ba6af29a5', '179.158.40.121', 1584120790, 0x5f5f63695f6c6173745f726567656e65726174657c693a313538343132303739303b69645f7573756172696f7c733a313a2236223b6e6f6d657c733a343a2252697461223b656d61696c7c733a32353a227368636f6d65726369616c31407961686f6f2e636f6d2e6272223b7065726d697373616f7c733a313a2231223b6d756461725f73656e68617c733a313a2230223b6c6f6761646f7c623a313b),
('fe10b5a4a740a4f9eb689f42fa3aae065659ed28', '179.158.40.121', 1584121152, 0x5f5f63695f6c6173745f726567656e65726174657c693a313538343132313135323b69645f7573756172696f7c733a313a2236223b6e6f6d657c733a343a2252697461223b656d61696c7c733a32353a227368636f6d65726369616c31407961686f6f2e636f6d2e6272223b7065726d697373616f7c733a313a2231223b6d756461725f73656e68617c733a313a2230223b6c6f6761646f7c623a313b),
('e93ee33948dec520ab09fce2f01ab6970be4722e', '179.158.40.121', 1584121508, 0x5f5f63695f6c6173745f726567656e65726174657c693a313538343132313530383b69645f7573756172696f7c733a313a2236223b6e6f6d657c733a343a2252697461223b656d61696c7c733a32353a227368636f6d65726369616c31407961686f6f2e636f6d2e6272223b7065726d697373616f7c733a313a2231223b6d756461725f73656e68617c733a313a2230223b6c6f6761646f7c623a313b),
('56d51f6498884e02aa7fe126126a64f27f11f86d', '179.158.40.121', 1584124725, 0x5f5f63695f6c6173745f726567656e65726174657c693a313538343132343732353b),
('b03f326e1b029b8dc4228aca44d043c2f2f59ea9', '179.158.40.121', 1584125103, 0x5f5f63695f6c6173745f726567656e65726174657c693a313538343132353130333b69645f7573756172696f7c733a313a2236223b6e6f6d657c733a343a2252697461223b656d61696c7c733a32353a227368636f6d65726369616c31407961686f6f2e636f6d2e6272223b7065726d697373616f7c733a313a2231223b6d756461725f73656e68617c733a313a2230223b6c6f6761646f7c623a313b),
('cfffdd1f1a29483cbbdf7ad8869c6c50af75352f', '179.158.40.121', 1584125453, 0x5f5f63695f6c6173745f726567656e65726174657c693a313538343132353435333b69645f7573756172696f7c733a313a2236223b6e6f6d657c733a343a2252697461223b656d61696c7c733a32353a227368636f6d65726369616c31407961686f6f2e636f6d2e6272223b7065726d697373616f7c733a313a2231223b6d756461725f73656e68617c733a313a2230223b6c6f6761646f7c623a313b),
('44f7c23fa88636a288e7c513b6f592ed4de5b60f', '179.158.40.121', 1584125794, 0x5f5f63695f6c6173745f726567656e65726174657c693a313538343132353739343b69645f7573756172696f7c733a313a2236223b6e6f6d657c733a343a2252697461223b656d61696c7c733a32353a227368636f6d65726369616c31407961686f6f2e636f6d2e6272223b7065726d697373616f7c733a313a2231223b6d756461725f73656e68617c733a313a2230223b6c6f6761646f7c623a313b),
('704fc6ad21ccede6e73d057e2223fa48e8ad3e9e', '179.158.40.121', 1584126102, 0x5f5f63695f6c6173745f726567656e65726174657c693a313538343132363130323b69645f7573756172696f7c733a313a2236223b6e6f6d657c733a343a2252697461223b656d61696c7c733a32353a227368636f6d65726369616c31407961686f6f2e636f6d2e6272223b7065726d697373616f7c733a313a2231223b6d756461725f73656e68617c733a313a2230223b6c6f6761646f7c623a313b),
('9e023a32db86556525a62c7b30e46727aa159eeb', '179.158.40.121', 1584126868, 0x5f5f63695f6c6173745f726567656e65726174657c693a313538343132363836383b),
('f08d9d51e41dcbfb3248b4b5be400bae8a91d33a', '179.158.40.121', 1584127472, 0x5f5f63695f6c6173745f726567656e65726174657c693a313538343132373437323b69645f7573756172696f7c733a313a2236223b6e6f6d657c733a343a2252697461223b656d61696c7c733a32353a227368636f6d65726369616c31407961686f6f2e636f6d2e6272223b7065726d697373616f7c733a313a2231223b6d756461725f73656e68617c733a313a2230223b6c6f6761646f7c623a313b),
('685b6ab4d060baf15d81fd415a5472653344cc3c', '179.158.40.121', 1584127796, 0x5f5f63695f6c6173745f726567656e65726174657c693a313538343132373739363b69645f7573756172696f7c733a313a2236223b6e6f6d657c733a343a2252697461223b656d61696c7c733a32353a227368636f6d65726369616c31407961686f6f2e636f6d2e6272223b7065726d697373616f7c733a313a2231223b6d756461725f73656e68617c733a313a2230223b6c6f6761646f7c623a313b),
('97ed4a66e2e4889a8d99b11dc9b00c637b6e7c72', '179.158.40.121', 1584128005, 0x5f5f63695f6c6173745f726567656e65726174657c693a313538343132383030353b),
('43edc06ca85cb05ac0087637cca3c42987ca8e06', '177.79.123.142', 1584213672, 0x5f5f63695f6c6173745f726567656e65726174657c693a313538343231333634343b69645f7573756172696f7c733a313a2232223b6e6f6d657c733a363a2253616e64726f223b656d61696c7c733a31373a2273616e64726f4073616e64726f2e636f6d223b7065726d697373616f7c733a313a2231223b6d756461725f73656e68617c733a313a2230223b6c6f6761646f7c623a313b),
('cd2f9f396efea8a69853f3b54b8ef27ff8feb63b', '201.17.84.125', 1584236035, 0x5f5f63695f6c6173745f726567656e65726174657c693a313538343233363033353b),
('f15439fe1d074ba67d47fcd6a00c230750bbd8e6', '179.158.40.121', 1584368232, 0x5f5f63695f6c6173745f726567656e65726174657c693a313538343336383233323b69645f7573756172696f7c733a313a2236223b6e6f6d657c733a343a2252697461223b656d61696c7c733a32353a227368636f6d65726369616c31407961686f6f2e636f6d2e6272223b7065726d697373616f7c733a313a2231223b6d756461725f73656e68617c733a313a2230223b6c6f6761646f7c623a313b),
('7732c769205d62209a1353967b04662addef7c1c', '179.158.40.121', 1584368435, 0x5f5f63695f6c6173745f726567656e65726174657c693a313538343336383433353b),
('21f4e4c2ebd6f6464ced336b0d63508765f5b5fb', '179.158.40.121', 1584727086, 0x5f5f63695f6c6173745f726567656e65726174657c693a313538343732373038363b69645f7573756172696f7c733a313a2236223b6e6f6d657c733a343a2252697461223b656d61696c7c733a32353a227368636f6d65726369616c31407961686f6f2e636f6d2e6272223b7065726d697373616f7c733a313a2231223b6d756461725f73656e68617c733a313a2230223b6c6f6761646f7c623a313b),
('fc72a668dc522ba15f97617785b96fe5b7893b25', '179.158.40.121', 1584727402, 0x5f5f63695f6c6173745f726567656e65726174657c693a313538343732373430323b69645f7573756172696f7c733a313a2236223b6e6f6d657c733a343a2252697461223b656d61696c7c733a32353a227368636f6d65726369616c31407961686f6f2e636f6d2e6272223b7065726d697373616f7c733a313a2231223b6d756461725f73656e68617c733a313a2230223b6c6f6761646f7c623a313b),
('66964d16bb5c3786948aba65263ad1d61c018500', '179.158.40.121', 1584728023, 0x5f5f63695f6c6173745f726567656e65726174657c693a313538343732383032333b69645f7573756172696f7c733a313a2236223b6e6f6d657c733a343a2252697461223b656d61696c7c733a32353a227368636f6d65726369616c31407961686f6f2e636f6d2e6272223b7065726d697373616f7c733a313a2231223b6d756461725f73656e68617c733a313a2230223b6c6f6761646f7c623a313b),
('0852aeb44cd0f1451a86b2bcd416895bc9ca37b7', '179.158.40.121', 1584728376, 0x5f5f63695f6c6173745f726567656e65726174657c693a313538343732383337363b69645f7573756172696f7c733a313a2236223b6e6f6d657c733a343a2252697461223b656d61696c7c733a32353a227368636f6d65726369616c31407961686f6f2e636f6d2e6272223b7065726d697373616f7c733a313a2231223b6d756461725f73656e68617c733a313a2230223b6c6f6761646f7c623a313b),
('5fc609ea437a87ca061d87d51ee734630a105823', '179.158.40.121', 1584728728, 0x5f5f63695f6c6173745f726567656e65726174657c693a313538343732383732383b69645f7573756172696f7c733a313a2236223b6e6f6d657c733a343a2252697461223b656d61696c7c733a32353a227368636f6d65726369616c31407961686f6f2e636f6d2e6272223b7065726d697373616f7c733a313a2231223b6d756461725f73656e68617c733a313a2230223b6c6f6761646f7c623a313b),
('70c07d1f9b95b1a1da69074a29e654a6c910875f', '179.158.40.121', 1584728728, 0x5f5f63695f6c6173745f726567656e65726174657c693a313538343732383732383b),
('2ff354b66080806e8c2169ba73888252800876ac', '201.17.80.121', 1585227222, 0x5f5f63695f6c6173745f726567656e65726174657c693a313538353232373232323b),
('bff01dc9e520bdc6c641c58a5b0f957456854b4d', '201.17.80.121', 1585263547, 0x5f5f63695f6c6173745f726567656e65726174657c693a313538353236333534373b),
('70a267cec186e04027e5a1f1776bd13803464d47', '201.17.80.121', 1585314057, 0x5f5f63695f6c6173745f726567656e65726174657c693a313538353331343035303b7761726e696e677c733a35393a22557375c3a172696f206465736174697661646f2c206661766f7220656e7472617220656d20636f6e7461746f20636f6d206f207375706f7274652e223b5f5f63695f766172737c613a313a7b733a373a227761726e696e67223b733a333a226f6c64223b7d),
('9481102908ffb1c90d118b40995b988f0ca74a2b', '179.34.110.85', 1585328512, 0x5f5f63695f6c6173745f726567656e65726174657c693a313538353332383531313b),
('f13be2ff0cac8c176c8e57267530a4f92e91e87d', '201.17.84.125', 1586034992, 0x5f5f63695f6c6173745f726567656e65726174657c693a313538363033343939313b),
('7b3e5a01c1131933ebdf0032b27cac72b5ddd407', '187.67.60.28', 1590163867, 0x5f5f63695f6c6173745f726567656e65726174657c693a313539303136333836373b),
('6d6da936fba2799b85a5fb8669b1fd22ea46aa86', '179.34.108.214', 1590494737, 0x5f5f63695f6c6173745f726567656e65726174657c693a313539303439343732333b7761726e696e677c733a35393a22557375c3a172696f206465736174697661646f2c206661766f7220656e7472617220656d20636f6e7461746f20636f6d206f207375706f7274652e223b5f5f63695f766172737c613a313a7b733a373a227761726e696e67223b733a333a226e6577223b7d),
('993f34b2898a7b7582712d36a805fe9114b0eed2', '191.162.142.225', 1593607116, 0x5f5f63695f6c6173745f726567656e65726174657c693a313539333630373131353b),
('6d1a9e85daf5588e60f5dd2826a0657da0273bff', '179.34.108.24', 1595255080, 0x5f5f63695f6c6173745f726567656e65726174657c693a313539353235353038303b),
('d8892fffa5eaa1a0250e015f8599dd5d21f95568', '179.34.108.24', 1595255853, 0x5f5f63695f6c6173745f726567656e65726174657c693a313539353235353038303b69645f7573756172696f7c733a313a2236223b6e6f6d657c733a343a2252697461223b656d61696c7c733a32353a227368636f6d65726369616c31407961686f6f2e636f6d2e6272223b7065726d697373616f7c733a313a2232223b6d756461725f73656e68617c733a313a2230223b6c6f6761646f7c623a313b),
('c42b3a7374757fe415b362a480c8c805d1a47cb8', '179.34.108.24', 1595266070, 0x5f5f63695f6c6173745f726567656e65726174657c693a313539353236363037303b69645f7573756172696f7c733a313a2236223b6e6f6d657c733a343a2252697461223b656d61696c7c733a32353a227368636f6d65726369616c31407961686f6f2e636f6d2e6272223b7065726d697373616f7c733a313a2232223b6d756461725f73656e68617c733a313a2230223b6c6f6761646f7c623a313b),
('d65ee30605b370c2705beb9e4e2ea6211e0f24e0', '179.34.108.24', 1595266344, 0x5f5f63695f6c6173745f726567656e65726174657c693a313539353236363037303b69645f7573756172696f7c733a313a2236223b6e6f6d657c733a343a2252697461223b656d61696c7c733a32353a227368636f6d65726369616c31407961686f6f2e636f6d2e6272223b7065726d697373616f7c733a313a2232223b6d756461725f73656e68617c733a313a2230223b6c6f6761646f7c623a313b);

-- --------------------------------------------------------

--
-- Estrutura da tabela `tb_usuarios`
--

CREATE TABLE `tb_usuarios` (
  `id_usuario` int(11) NOT NULL,
  `id_permissao` int(11) NOT NULL,
  `nome` varchar(80) CHARACTER SET latin1 NOT NULL,
  `usuario` varchar(45) CHARACTER SET latin1 NOT NULL,
  `email` varchar(100) CHARACTER SET latin1 NOT NULL,
  `senha` varchar(45) CHARACTER SET latin1 NOT NULL DEFAULT '40bd001563085fc35165329ea1ff5c5ecbdbbeef',
  `situacao` tinyint(1) NOT NULL DEFAULT 0,
  `tipo` tinyint(1) NOT NULL DEFAULT 1,
  `mudar_senha` tinyint(1) NOT NULL DEFAULT 0,
  `cadastrado_em` timestamp NOT NULL DEFAULT current_timestamp(),
  `atualizado_em` datetime DEFAULT NULL
) ENGINE=InnoDB DEFAULT CHARSET=utf8;

--
-- Extraindo dados da tabela `tb_usuarios`
--

INSERT INTO `tb_usuarios` (`id_usuario`, `id_permissao`, `nome`, `usuario`, `email`, `senha`, `situacao`, `tipo`, `mudar_senha`, `cadastrado_em`, `atualizado_em`) VALUES
(1, 1, 'Administrador', 'admin', 'admin@admin.com', '40bd001563085fc35165329ea1ff5c5ecbdbbeef', 1, 1, 0, '2020-02-08 03:55:47', NULL),
(2, 2, 'Sandro', 'Sandro', 'sandro@sandro.com', '40bd001563085fc35165329ea1ff5c5ecbdbbeef', 1, 1, 0, '2020-02-08 04:23:51', NULL),
(5, 1, 'Rita ', 'Rita SH', 'rita@shcomercial.com.br', '8abb4d0987e5adb44b16b8559ab72071e2c20033', 0, 1, 1, '2020-02-13 14:30:08', NULL),
(6, 2, 'Rita', 'Rita Campos', 'shcomercial1@yahoo.com.br', '40bd001563085fc35165329ea1ff5c5ecbdbbeef', 1, 1, 0, '2020-02-28 14:04:39', NULL);

-- --------------------------------------------------------

--
-- Estrutura stand-in para vista `vw_movimentos`
-- (Veja abaixo para a view atual)
--
CREATE TABLE `vw_movimentos` (
`id_movimento` int(11)
,`id_produto` int(11)
,`produto` varchar(60)
,`id_cliente_fornecedor` int(11)
,`razao_social` varchar(60)
,`numero_nfe` varchar(20)
,`lote_1` varchar(40)
,`lote_2` varchar(40)
,`lote_3` varchar(40)
,`lote_4` varchar(40)
,`lote_5` varchar(40)
,`quantidade` smallint(6)
,`tipo` tinyint(1)
,`data_entrada` varchar(24)
,`data_saida` varchar(24)
,`data_validade_1` varchar(10)
,`data_validade_2` varchar(10)
,`data_validade_3` varchar(10)
,`data_validade_4` varchar(10)
,`data_validade_5` varchar(10)
);

-- --------------------------------------------------------

--
-- Estrutura para vista `vw_movimentos`
--
DROP TABLE IF EXISTS `vw_movimentos`;

CREATE ALGORITHM=UNDEFINED DEFINER=`root`@`localhost` SQL SECURITY DEFINER VIEW `vw_movimentos`  AS  select `tb_movimentos`.`id_movimento` AS `id_movimento`,`tb_movimentos`.`id_produto` AS `id_produto`,`tb_produtos`.`produto` AS `produto`,`tb_movimentos`.`id_cliente_fornecedor` AS `id_cliente_fornecedor`,`tb_cliente_fornecedor`.`razao_social` AS `razao_social`,`tb_movimentos`.`numero_nfe` AS `numero_nfe`,`tb_movimentos`.`lote_1` AS `lote_1`,`tb_movimentos`.`lote_2` AS `lote_2`,`tb_movimentos`.`lote_3` AS `lote_3`,`tb_movimentos`.`lote_4` AS `lote_4`,`tb_movimentos`.`lote_5` AS `lote_5`,`tb_movimentos`.`quantidade` AS `quantidade`,`tb_movimentos`.`tipo` AS `tipo`,date_format(`tb_movimentos`.`data_entrada`,'%d/%m/%Y %H:%i:%s') AS `data_entrada`,date_format(`tb_movimentos`.`data_saida`,'%d/%m/%Y %H:%i:%s') AS `data_saida`,date_format(`tb_movimentos`.`data_validade_1`,'%d/%m/%Y') AS `data_validade_1`,date_format(`tb_movimentos`.`data_validade_2`,'%d/%m/%Y') AS `data_validade_2`,date_format(`tb_movimentos`.`data_validade_3`,'%d/%m/%Y') AS `data_validade_3`,date_format(`tb_movimentos`.`data_validade_4`,'%d/%m/%Y') AS `data_validade_4`,date_format(`tb_movimentos`.`data_validade_5`,'%d/%m/%Y') AS `data_validade_5` from ((`tb_movimentos` left join `tb_produtos` on(`tb_movimentos`.`id_produto` = `tb_produtos`.`id_produto`)) left join `tb_cliente_fornecedor` on(`tb_movimentos`.`id_cliente_fornecedor` = `tb_cliente_fornecedor`.`id_cliente_fornecedor`)) ;

--
-- Índices para tabelas despejadas
--

--
-- Índices para tabela `tb_cliente_fornecedor`
--
ALTER TABLE `tb_cliente_fornecedor`
  ADD PRIMARY KEY (`id_cliente_fornecedor`);

--
-- Índices para tabela `tb_movimentos`
--
ALTER TABLE `tb_movimentos`
  ADD PRIMARY KEY (`id_movimento`),
  ADD KEY `FK_ID_PRODUTO_idx` (`id_produto`),
  ADD KEY `FK_ID_CLIENTE_FORNECEDOR_idx` (`id_cliente_fornecedor`);

--
-- Índices para tabela `tb_permissoes`
--
ALTER TABLE `tb_permissoes`
  ADD PRIMARY KEY (`id_permissao`);

--
-- Índices para tabela `tb_produtos`
--
ALTER TABLE `tb_produtos`
  ADD PRIMARY KEY (`id_produto`),
  ADD UNIQUE KEY `codigo_UNIQUE` (`codigo`);

--
-- Índices para tabela `tb_relatorios`
--
ALTER TABLE `tb_relatorios`
  ADD PRIMARY KEY (`id_relatorio`);

--
-- Índices para tabela `tb_sessoes`
--
ALTER TABLE `tb_sessoes`
  ADD KEY `ci_sessions_timestamp` (`timestamp`);

--
-- Índices para tabela `tb_usuarios`
--
ALTER TABLE `tb_usuarios`
  ADD PRIMARY KEY (`id_usuario`),
  ADD KEY `FK_ID_PERMISSAO_idx` (`id_permissao`);

--
-- AUTO_INCREMENT de tabelas despejadas
--

--
-- AUTO_INCREMENT de tabela `tb_cliente_fornecedor`
--
ALTER TABLE `tb_cliente_fornecedor`
  MODIFY `id_cliente_fornecedor` int(11) NOT NULL AUTO_INCREMENT, AUTO_INCREMENT=32;

--
-- AUTO_INCREMENT de tabela `tb_movimentos`
--
ALTER TABLE `tb_movimentos`
  MODIFY `id_movimento` int(11) NOT NULL AUTO_INCREMENT, AUTO_INCREMENT=103;

--
-- AUTO_INCREMENT de tabela `tb_permissoes`
--
ALTER TABLE `tb_permissoes`
  MODIFY `id_permissao` int(11) NOT NULL AUTO_INCREMENT, AUTO_INCREMENT=3;

--
-- AUTO_INCREMENT de tabela `tb_produtos`
--
ALTER TABLE `tb_produtos`
  MODIFY `id_produto` int(11) NOT NULL AUTO_INCREMENT, AUTO_INCREMENT=34;

--
-- AUTO_INCREMENT de tabela `tb_relatorios`
--
ALTER TABLE `tb_relatorios`
  MODIFY `id_relatorio` int(11) NOT NULL AUTO_INCREMENT, AUTO_INCREMENT=2;

--
-- AUTO_INCREMENT de tabela `tb_usuarios`
--
ALTER TABLE `tb_usuarios`
  MODIFY `id_usuario` int(11) NOT NULL AUTO_INCREMENT, AUTO_INCREMENT=7;

--
-- Restrições para despejos de tabelas
--

--
-- Limitadores para a tabela `tb_movimentos`
--
ALTER TABLE `tb_movimentos`
  ADD CONSTRAINT `FK_ID_CLIENTE_FORNECEDOR` FOREIGN KEY (`id_cliente_fornecedor`) REFERENCES `tb_cliente_fornecedor` (`id_cliente_fornecedor`) ON DELETE NO ACTION ON UPDATE NO ACTION,
  ADD CONSTRAINT `FK_ID_PRODUTO` FOREIGN KEY (`id_produto`) REFERENCES `tb_produtos` (`id_produto`) ON DELETE NO ACTION ON UPDATE NO ACTION;

--
-- Limitadores para a tabela `tb_usuarios`
--
ALTER TABLE `tb_usuarios`
  ADD CONSTRAINT `FK_ID_PERMISSAO` FOREIGN KEY (`id_permissao`) REFERENCES `tb_permissoes` (`id_permissao`) ON DELETE NO ACTION ON UPDATE NO ACTION;
COMMIT;

/*!40101 SET CHARACTER_SET_CLIENT=@OLD_CHARACTER_SET_CLIENT */;
/*!40101 SET CHARACTER_SET_RESULTS=@OLD_CHARACTER_SET_RESULTS */;
/*!40101 SET COLLATION_CONNECTION=@OLD_COLLATION_CONNECTION */;
